sample_id,boundary,threshold,side,delta,target_score,achieved_score_float64,anchor_row_index,anchor_score,standardized_shift_l2,features_outside_calibration_minmax,mahalanobis_sq_shrinkage,knn_mean_distance,within_calibration_marginal_minmax,within_mahalanobis_q99,within_knn_q99,plausible_joint_support,float32_export_score,serialization_error
1000000,LOW,-0.84729786038720356,-1,1e-08,-0.84729787038720361,-0.84729787038720517,184,-0.77131394670441722,0.022491289003998924,0,6.1237483909562647,2.3096082517341787,True,True,True,True,-0.84729766845703125,2.019301739153434e-07
1000001,LOW,-0.84729786038720356,-1,2.9999999999999997e-08,-0.8472978903872036,-0.84729789038719971,184,-0.77131394670441722,0.022491294924011449,0,6.1237483916583519,2.3096082518656424,True,True,True,True,-0.84729766845703125,2.2193016846472347e-07
1000002,LOW,-0.84729786038720356,-1,9.9999999999999995e-08,-0.84729796038720351,-0.8472979603871984,184,-0.77131394670441722,0.022491315644055272,0,6.1237483941156583,2.3096082523255426,True,True,True,True,-0.84729766845703125,2.9193016715112208e-07
1000003,LOW,-0.84729786038720356,-1,2.9999999999999999e-07,-0.84729816038720351,-0.84729816038720784,184,-0.77131394670441722,0.022491374844180543,0,6.1237484011365462,2.3096082536396256,True,True,True,True,-0.84729766845703125,4.9193017659376892e-07
1000004,LOW,-0.84729786038720356,-1,9.9999999999999995e-07,-0.84729886038720359,-0.84729886038720181,184,-0.77131394670441722,0.022491582044619027,0,6.1237484257096897,2.3096082582389701,True,True,True,True,-0.84729766845703125,1.1919301705631824e-06
1000005,LOW,-0.84729786038720356,-1,3.0000000000000001e-06,-0.84730086038720354,-0.84730086038720387,184,-0.77131394670441722,0.022492174045871744,0,6.1237484959190791,2.3096082713799366,True,True,True,True,-0.8473052978515625,4.4374643586309048e-06
1000006,LOW,-0.84729786038720356,-1,1.0000000000000001e-05,-0.84730786038720352,-0.84730786038720751,184,-0.77131394670441722,0.022494246050256315,0,6.1237487416565308,2.3096083173741428,True,True,True,True,-0.84730911254882812,1.2521616206129238e-06
1000007,LOW,-0.84729786038720356,-1,3.0000000000000001e-05,-0.84732786038720354,-0.84732786038719965,184,-0.77131394670441722,0.02250016606278368,0,6.1237494438030415,2.3096084487924067,True,True,True,True,-0.84733009338378906,2.2329965894130055e-06
1000008,LOW,-0.84729786038720356,-1,0.0001,-0.84739786038720355,-0.8473978603872041,184,-0.77131394670441722,0.022520886106629438,0,6.1237519017766351,2.3096089088295946,True,True,True,True,-0.84739875793457031,8.9754736620761832e-07
1000009,LOW,-0.84729786038720356,1,1e-08,-0.84729785038720351,-0.84729785038720351,184,-0.77131394670441722,0.022491283083986371,0,6.1237483902541765,2.3096082516027949,True,True,True,True,-0.84729766845703125,1.8193017226053598e-07
1000010,LOW,-0.84729786038720356,1,2.9999999999999997e-08,-0.84729783038720352,-0.84729783038720186,184,-0.77131394670441722,0.022491277163973845,0,6.1237483895520892,2.3096082514713783,True,True,True,True,-0.84729766845703125,1.6193017060572856e-07
1000011,LOW,-0.84729786038720356,1,9.9999999999999995e-08,-0.84729776038720361,-0.84729776038720317,184,-0.77131394670441722,0.022491256443930029,0,6.1237483870947829,2.3096082510114693,True,True,True,True,-0.84729766845703125,9.193017191932995e-08
1000012,LOW,-0.84729786038720356,1,2.9999999999999999e-07,-0.84729756038720361,-0.84729756038720794,184,-0.77131394670441722,0.022491197243804755,0,6.1237483800739074,2.3096082496973493,True,True,True,True,-0.84729766845703125,1.0806982331246218e-07
1000013,LOW,-0.84729786038720356,1,9.9999999999999995e-07,-0.84729686038720353,-0.84729686038719976,184,-0.77131394670441722,0.022490990043366271,0,6.1237483555008918,2.3096082450980839,True,True,True,True,-0.84729576110839844,1.0992788013197696e-06
1000014,LOW,-0.84729786038720356,1,3.0000000000000001e-06,-0.84729486038720359,-0.84729486038720125,184,-0.77131394670441722,0.02249039804211355,0,6.1237482852926792,2.3096082319572235,True,True,True,True,-0.84729385375976562,1.0066274356290705e-06
1000015,LOW,-0.84729786038720356,1,1.0000000000000001e-05,-0.84728786038720361,-0.84728786038720827,184,-0.77131394670441722,0.022488326037728983,0,6.1237480395685386,2.3096081859651978,True,True,True,True,-0.84728813171386719,2.7132665891826946e-07
1000016,LOW,-0.84729786038720356,1,3.0000000000000001e-05,-0.84726786038720359,-0.84726786038720192,184,-0.77131394670441722,0.022482406025201618,0,6.1237473375390543,2.3096080545655244,True,True,True,True,-0.84727096557617188,3.1051889699540425e-06
1000017,LOW,-0.84729786038720356,1,0.0001,-0.84719786038720357,-0.84719786038720457,184,-0.77131394670441722,0.022461685981355856,0,6.1237448808966777,2.309607594739961,True,True,True,True,-0.847198486328125,6.2594092042900229e-07
1000018,LOW,-0.84729786038720356,-1,1e-08,-0.84729787038720361,-0.84729787038720517,99,-0.49230568619243087,0.10507790887737777,0,5.2812979180369144,2.432105856520701,True,True,True,True,-0.84729957580566406,1.7054184588971566e-06
1000019,LOW,-0.84729786038720356,-1,2.9999999999999997e-08,-0.8472978903872036,-0.84729789038720682,99,-0.49230568619243087,0.10507791479739027,0,5.2812979200721673,2.432105856709887,True,True,True,True,-0.84729957580566406,1.6854184572423492e-06
1000020,LOW,-0.84729786038720356,-1,9.9999999999999995e-08,-0.84729796038720351,-0.84729796038720195,99,-0.49230568619243087,0.10507793551743409,0,5.281297927195558,2.4321058573720342,True,True,True,True,-0.84730148315429688,3.5227670949211642e-06
1000021,LOW,-0.84729786038720356,-1,2.9999999999999999e-07,-0.84729816038720351,-0.84729816038720784,99,-0.49230568619243087,0.10507799471755935,0,5.2812979475481008,2.4321058592638911,True,True,True,True,-0.84730148315429688,3.3227670890312311e-06
1000022,LOW,-0.84729786038720356,-1,9.9999999999999995e-07,-0.84729886038720359,-0.84729886038720181,99,-0.49230568619243087,0.10507820191799785,0,5.2812980187820537,2.4321058658853985,True,True,True,True,-0.84730148315429688,2.6227670950618176e-06
1000023,LOW,-0.84729786038720356,-1,3.0000000000000001e-06,-0.84730086038720354,-0.84730086038721097,99,-0.49230568619243087,0.10507879391925057,0,5.2812982223080249,2.432105884804038,True,True,True,True,-0.84730339050292969,2.5301157187129775e-06
1000024,LOW,-0.84729786038720356,-1,1.0000000000000001e-05,-0.84730786038720352,-0.84730786038720396,99,-0.49230568619243087,0.10508086592363514,0,5.2812989346535364,2.4321059510199596,True,True,True,True,-0.84731101989746094,3.1595102569781375e-06
1000025,LOW,-0.84729786038720356,-1,3.0000000000000001e-05,-0.84732786038720354,-0.84732786038719965,99,-0.49230568619243087,0.10508678593616251,0,5.2813009699659146,2.4321061402140316,True,True,True,True,-0.84733200073242188,4.1403452222255055e-06
1000026,LOW,-0.84729786038720356,-1,0.0001,-0.84739786038720355,-0.8473978603872041,99,-0.49230568619243087,0.10510750598000826,0,5.2813080940200487,2.4321068024602197,True,True,True,True,-0.84739875793457031,8.9754736620761832e-07
1000027,LOW,-0.84729786038720356,1,1e-08,-0.84729785038720351,-0.84729785038720351,99,-0.49230568619243087,0.10507790295736517,0,5.2812979160016633,2.4321058563315114,True,True,True,True,-0.84729957580566406,1.725418460551964e-06
1000028,LOW,-0.84729786038720356,1,2.9999999999999997e-08,-0.84729783038720352,-0.84729783038720186,99,-0.49230568619243087,0.10507789703735267,0,5.2812979139664078,2.4321058561423259,True,True,True,True,-0.84729957580566406,1.7454184622067714e-06
1000029,LOW,-0.84729786038720356,1,9.9999999999999995e-08,-0.84729776038720361,-0.84729776038721027,99,-0.49230568619243087,0.10507787631730886,0,5.281297906843017,2.4321058554801818,True,True,True,True,-0.84729957580566406,1.8154184537877427e-06
1000030,LOW,-0.84729786038720356,1,2.9999999999999999e-07,-0.84729756038720361,-0.84729756038721149,99,-0.49230568619243087,0.10507781711718359,0,5.2812978864904894,2.4321058535883244,True,True,True,True,-0.84729957580566406,2.0154184525722485e-06
1000031,LOW,-0.84729786038720356,1,9.9999999999999995e-07,-0.84729686038720353,-0.84729686038720331,99,-0.49230568619243087,0.10507760991674511,0,5.2812978152566696,2.432105846966838,True,True,True,True,-0.84729957580566406,2.7154184607525167e-06
1000032,LOW,-0.84729786038720356,1,3.0000000000000001e-06,-0.84729486038720359,-0.84729486038720836,99,-0.49230568619243087,0.10507701791549239,0,5.2812976117318646,2.4321058280483649,True,True,True,True,-0.84729576110839844,9.0072119007800211e-07
1000033,LOW,-0.84729786038720356,1,1.0000000000000001e-05,-0.84728786038720361,-0.84728786038720827,99,-0.49230568619243087,0.1050749459111078,0,5.2812968993996678,2.4321057618343804,True,True,True,True,-0.84728813171386719,2.7132665891826946e-07
1000034,LOW,-0.84729786038720356,1,3.0000000000000001e-05,-0.84726786038720359,-0.84726786038720192,99,-0.49230568619243087,0.10506902589858046,0,5.2812948642043223,2.4321055726573051,True,True,True,True,-0.84726905822753906,1.1978403371415425e-06
1000035,LOW,-0.84729786038720356,1,0.0001,-0.84719786038720357,-0.84719786038720812,99,-0.49230568619243087,0.10504830585473469,0,5.2812877414814041,2.4321049106044654,True,True,True,True,-0.84720039367675781,2.5332895496887886e-06
1000036,LOW,-0.84729786038720356,-1,1e-08,-0.84729787038720361,-0.84729787038720517,215,0.4754401414300311,0.39153128001859216,0,4.7715438877415659,2.2574828901320765,True,True,True,True,-0.84729957580566406,1.7054184588971566e-06
1000037,LOW,-0.84729786038720356,-1,2.9999999999999997e-08,-0.8472978903872036,-0.84729789038720682,215,0.4754401414300311,0.3915312859386047,0,4.7715438897880738,2.2574828901369273,True,True,True,True,-0.84729957580566406,1.6854184572423492e-06
1000038,LOW,-0.84729786038720356,-1,9.9999999999999995e-08,-0.84729796038720351,-0.84729796038720195,215,0.4754401414300311,0.39153130665864844,0,4.7715438969508552,2.2574828901539163,True,True,True,True,-0.84729957580566406,1.6154184621086642e-06
1000039,LOW,-0.84729786038720356,-1,2.9999999999999999e-07,-0.84729816038720351,-0.84729816038720429,215,0.4754401414300311,0.39153136585877368,0,4.7715439174159515,2.2574828902024544,True,True,True,True,-0.84729957580566406,1.4154184597714448e-06
1000040,LOW,-0.84729786038720356,-1,9.9999999999999995e-07,-0.84729886038720359,-0.84729886038720892,215,0.4754401414300311,0.39153157305921221,0,4.7715439890438294,2.2574828903723443,True,True,True,True,-0.84730148315429688,2.6227670879563902e-06
1000041,LOW,-0.84729786038720356,-1,3.0000000000000001e-06,-0.84730086038720354,-0.84730086038720387,215,0.4754401414300311,0.3915321650604649,0,4.7715441936953109,2.2574828908578115,True,True,True,True,-0.84730148315429688,6.2276709300590483e-07
1000042,LOW,-0.84729786038720356,-1,1.0000000000000001e-05,-0.84730786038720352,-0.84730786038720751,215,0.4754401414300311,0.39153423706484952,0,4.7715449099801042,2.2574828925577193,True,True,True,True,-0.84730911254882812,1.2521616206129238e-06
1000043,LOW,-0.84729786038720356,-1,3.0000000000000001e-05,-0.84732786038720354,-0.8473278603872032,215,0.4754401414300311,0.39154015707737699,0,4.7715469565475734,2.2574828974212622,True,True,True,True,-0.84733009338378906,2.2329965858602918e-06
1000044,LOW,-0.84729786038720356,-1,0.0001,-0.84739786038720355,-0.84739786038720766,215,0.4754401414300311,0.39156087712122267,0,4.7715541199945264,2.2574829145213773,True,True,True,True,-0.84739875793457031,8.9754736265490465e-07
1000045,LOW,-0.84729786038720356,1,1e-08,-0.84729785038720351,-0.84729785038721062,215,0.4754401414300311,0.39153127409857957,0,4.7715438856950545,2.2574828901272248,True,True,True,True,-0.84729957580566406,1.7254184534465367e-06
1000046,LOW,-0.84729786038720356,1,2.9999999999999997e-08,-0.84729783038720352,-0.84729783038720896,215,0.4754401414300311,0.39153126817856704,0,4.7715438836485449,2.2574828901223674,True,True,True,True,-0.84729957580566406,1.7454184551013441e-06
1000047,LOW,-0.84729786038720356,1,9.9999999999999995e-08,-0.84729776038720361,-0.84729776038720672,215,0.4754401414300311,0.39153124745852319,0,4.7715438764857625,2.2574828901053814,True,True,True,True,-0.84729957580566406,1.8154184573404564e-06
1000048,LOW,-0.84729786038720356,1,2.9999999999999999e-07,-0.84729756038720361,-0.84729756038720083,215,0.4754401414300311,0.39153118825839794,0,4.7715438560206795,2.2574828900568442,True,True,True,True,-0.84729957580566406,2.0154184632303895e-06
1000049,LOW,-0.84729786038720356,1,9.9999999999999995e-07,-0.84729686038720353,-0.84729686038721042,215,0.4754401414300311,0.39153098105795953,0,4.7715437843929331,2.2574828898869788,True,True,True,True,-0.84729766845703125,8.0806982083458934e-07
1000050,LOW,-0.84729786038720356,1,3.0000000000000001e-06,-0.84729486038720359,-0.84729486038721191,215,0.4754401414300311,0.39153038905670673,0,4.771543579742624,2.2574828894017096,True,True,True,True,-0.84729576110839844,9.0072118652528843e-07
1000051,LOW,-0.84729786038720356,1,1.0000000000000001e-05,-0.84728786038720361,-0.84728786038720472,215,0.4754401414300311,0.39152831705232222,0,4.7715428634711454,2.2574828877040463,True,True,True,True,-0.84728813171386719,2.7132666247098314e-07
1000052,LOW,-0.84729786038720356,1,3.0000000000000001e-05,-0.84726786038720359,-0.84726786038720547,215,0.4754401414300311,0.39152239703979486,0,4.7715408170207052,2.2574828828602409,True,True,True,True,-0.84726905822753906,1.1978403335888288e-06
1000053,LOW,-0.84729786038720356,1,0.0001,-0.84719786038720357,-0.84719786038720812,215,0.4754401414300311,0.39150167699594912,0,4.7715336549049709,2.2574828659846422,True,True,True,True,-0.847198486328125,6.2594091687628861e-07
1000054,LOW,-0.84729786038720356,-1,1e-08,-0.84729787038720361,-0.84729787038719806,146,0.54219661010575138,0.41129123656071753,2,32.416650579226129,5.1972632825422593,False,True,True,False,-0.84729766845703125,2.0193016680991605e-07
1000055,LOW,-0.84729786038720356,-1,2.9999999999999997e-08,-0.8472978903872036,-0.84729789038719616,146,0.54219661010575138,0.41129124248073001,2,32.416650588934232,5.1972632834778114,False,True,True,False,-0.84729766845703125,2.2193016491200979e-07
1000056,LOW,-0.84729786038720356,-1,9.9999999999999995e-08,-0.84729796038720351,-0.8472979603871984,146,0.54219661010575138,0.41129126320077386,2,32.416650622912634,5.1972632867522179,False,True,True,False,-0.84729766845703125,2.9193016715112208e-07
1000057,LOW,-0.84729786038720356,-1,2.9999999999999999e-07,-0.84729816038720351,-0.84729816038719719,146,0.54219661010575138,0.41129132240089905,2,32.416650719993768,5.1972632961076961,False,True,True,False,-0.84729766845703125,4.9193016593562788e-07
1000058,LOW,-0.84729786038720356,-1,9.9999999999999995e-07,-0.84729886038720359,-0.84729886038719826,146,0.54219661010575138,0.41129152960133752,2,32.416651059777784,5.1972633288518741,False,True,True,False,-0.84729957580566406,7.1541846580203128e-07
1000059,LOW,-0.84729786038720356,-1,3.0000000000000001e-06,-0.84730086038720354,-0.84730086038720032,146,0.54219661010575138,0.41129212160259027,2,32.416652030589603,5.1972634224066594,False,True,True,False,-0.84729957580566406,1.2845815362538815e-06
1000060,LOW,-0.84729786038720356,-1,1.0000000000000001e-05,-0.84730786038720352,-0.84730786038720041,146,0.54219661010575138,0.41129419360697483,2,32.416655428435647,5.197263749848763,False,True,True,False,-0.84730911254882812,1.2521616277183512e-06
1000061,LOW,-0.84729786038720356,-1,3.0000000000000001e-05,-0.84732786038720354,-0.8473278603871961,146,0.54219661010575138,0.41130011361950225,2,32.416665136606603,5.1972646854003841,False,True,True,False,-0.84732818603515625,3.2564796015321917e-07
1000062,LOW,-0.84729786038720356,-1,0.0001,-0.84739786038720355,-0.847397860387197,146,0.54219661010575138,0.41132083366334798,2,32.416699115665814,5.1972679598633889,False,True,True,False,-0.84740066528320312,2.8048960061255457e-06
1000063,LOW,-0.84729786038720356,1,1e-08,-0.84729785038720351,-0.84729785038719996,146,0.54219661010575138,0.41129123064070494,2,32.416650569518019,5.1972632816067081,False,True,True,False,-0.84729766845703125,1.819301687078223e-07
1000064,LOW,-0.84729786038720356,1,2.9999999999999997e-08,-0.84729783038720352,-0.84729783038719475,146,0.54219661010575138,0.41129122472069241,2,32.416650559809895,5.1972632806711641,False,True,True,False,-0.84729766845703125,1.6193016350030121e-07
1000065,LOW,-0.84729786038720356,1,9.9999999999999995e-08,-0.84729776038720361,-0.84729776038720317,146,0.54219661010575138,0.41129120400064861,2,32.416650525831514,5.1972632773967531,False,True,True,False,-0.84729766845703125,9.193017191932995e-08
1000066,LOW,-0.84729786038720356,1,2.9999999999999999e-07,-0.84729756038720361,-0.84729756038720438,146,0.54219661010575138,0.41129114480052326,2,32.416650428750401,5.1972632680412687,False,True,True,False,-0.84729766845703125,1.0806982686517586e-07
1000067,LOW,-0.84729786038720356,1,9.9999999999999995e-07,-0.84729686038720353,-0.8472968603871962,146,0.54219661010575138,0.41129093760008478,2,32.41665008896652,5.1972632352971173,False,True,True,False,-0.84729576110839844,1.0992787977670559e-06
1000068,LOW,-0.84729786038720356,1,3.0000000000000001e-06,-0.84729486038720359,-0.84729486038720125,146,0.54219661010575138,0.41129034559883199,2,32.41664911815586,5.1972631417424022,False,True,True,False,-0.84729576110839844,9.0072119718342947e-07
1000069,LOW,-0.84729786038720356,1,1.0000000000000001e-05,-0.84728786038720361,-0.84728786038720472,146,0.54219661010575138,0.41128827359444753,2,32.416645720323146,5.1972628143012409,False,True,True,False,-0.84728813171386719,2.7132666247098314e-07
1000070,LOW,-0.84729786038720356,1,3.0000000000000001e-05,-0.84726786038720359,-0.84726786038719482,146,0.54219661010575138,0.41128235358192017,2,32.416636012269223,5.1972618787578089,False,True,True,False,-0.84726905822753906,1.1978403442469698e-06
1000071,LOW,-0.84729786038720356,1,0.0001,-0.84719786038720357,-0.84719786038719747,146,0.54219661010575138,0.41126163353807443,2,32.416602034541228,5.1972586043881588,False,True,True,False,-0.847198486328125,6.2594092753442965e-07
1000072,HIGH,0.84729786038720345,-1,1e-08,0.8472978503872034,0.84729785038719641,491,0.76169620874158639,0.025338139545227029,0,12.453298191111941,3.0020626239528427,True,True,True,True,0.84729385375976562,3.9966274307801086e-06
1000073,HIGH,0.84729786038720345,-1,2.9999999999999997e-08,0.84729783038720341,0.8472978303871983,491,0.76169620874158639,0.025338133625214507,0,12.453298182860516,3.0020626238501005,True,True,True,True,0.84729385375976562,3.9766274326780149e-06
1000074,HIGH,0.84729786038720345,-1,9.9999999999999995e-08,0.8472977603872035,0.84729776038720317,491,0.76169620874158639,0.025338112905170688,0,12.453298153980528,3.0020626234899619,True,True,True,True,0.84729385375976562,3.90662743754433e-06
1000075,HIGH,0.84729786038720345,-1,2.9999999999999999e-07,0.8472975603872035,0.84729756038719728,491,0.76169620874158639,0.02533805370504541,0,12.453298071466282,3.0020626224615343,True,True,True,True,0.84729385375976562,3.7066274316543968e-06
1000076,HIGH,0.84729786038720345,-1,9.9999999999999995e-07,0.84729686038720342,0.84729686038719265,491,0.76169620874158639,0.025337846504606933,0,12.453297782666477,3.0020626188617716,True,True,True,True,0.84729385375976562,3.0066274270268423e-06
1000077,HIGH,0.84729786038720345,-1,3.0000000000000001e-06,0.84729486038720347,0.8472948603871977,491,0.76169620874158639,0.025337254503354209,0,12.453296957524554,3.0020626085767121,True,True,True,True,0.84729385375976562,1.0066274320763569e-06
1000078,HIGH,0.84729786038720345,-1,1.0000000000000001e-05,0.8472878603872035,0.84728786038720116,491,0.76169620874158639,0.025335182498969641,0,12.453294069532426,3.0020625725796188,True,True,True,True,0.84728622436523438,1.6360219667888032e-06
1000079,HIGH,0.84729786038720345,-1,3.0000000000000001e-05,0.84726786038720348,0.84726786038719482,491,0.76169620874158639,0.025329262486442277,0,12.453285818165838,3.002062469735157,True,True,True,True,0.84726524353027344,2.6168569213780302e-06
1000080,HIGH,0.84729786038720345,-1,0.0001,0.84719786038720346,0.84719786038719747,491,0.76169620874158639,0.025308542442596518,0,12.453256938843602,3.0020621098345606,True,True,True,True,0.84719657897949219,1.2814077052780704e-06
1000081,HIGH,0.84729786038720345,1,1e-08,0.8472978703872035,0.84729787038719806,491,0.76169620874158639,0.025338145465239582,0,12.453298199363363,3.0020626240556703,True,True,True,True,0.84729385375976562,4.016627432434916e-06
1000082,HIGH,0.84729786038720345,1,2.9999999999999997e-08,0.84729789038720349,0.84729789038719616,491,0.76169620874158639,0.025338151385252111,0,12.453298207614793,3.002062624158583,True,True,True,True,0.84729385375976562,4.0366274305370098e-06
1000083,HIGH,0.84729786038720345,1,9.9999999999999995e-08,0.8472979603872034,0.8472979603871984,491,0.76169620874158639,0.025338172105295927,0,12.45329823649478,3.0020626245185178,True,True,True,True,0.84729385375976562,4.1066274327761221e-06
1000084,HIGH,0.84729786038720345,1,2.9999999999999999e-07,0.8472981603872034,0.84729816038719719,491,0.76169620874158639,0.025338231305421201,0,12.45329831900904,3.0020626255470333,True,True,True,True,0.84729385375976562,4.3066274315606279e-06
1000085,HIGH,0.84729786038720345,1,9.9999999999999995e-07,0.84729886038720348,0.84729886038719471,491,0.76169620874158639,0.025338438505859685,0,12.45329860780898,3.0020626291468533,True,True,True,True,0.84729385375976562,5.006627429082755e-06
1000086,HIGH,0.84729786038720345,1,3.0000000000000001e-06,0.84730086038720343,0.84730086038720387,491,0.76169620874158639,0.025339030507112399,0,12.453299432952079,3.0020626394320304,True,True,True,True,0.84729766845703125,3.1919301726190952e-06
1000087,HIGH,0.84729786038720345,1,1.0000000000000001e-05,0.8473078603872034,0.84730786038719685,491,0.76169620874158639,0.025341102511496974,0,12.453302320957521,3.0020626754308006,True,True,True,True,0.84730339050292969,4.4698842671664352e-06
1000088,HIGH,0.84729786038720345,1,3.0000000000000001e-05,0.84732786038720342,0.84732786038719254,491,0.76169620874158639,0.025347022524024335,0,12.453310572441136,3.0020627782888698,True,True,True,True,0.84732437133789062,3.4890493019190671e-06
1000089,HIGH,0.84729786038720345,1,0.0001,0.84739786038720344,0.84739786038720055,491,0.76169620874158639,0.025367742567870093,0,12.453339453094586,3.0020631383467444,True,True,True,True,0.84739875793457031,8.97547369760332e-07
1000090,HIGH,0.84729786038720345,-1,1e-08,0.8472978503872034,0.84729785038720706,508,1.1370365414498487,0.085762834037571595,0,9.4936054078415637,2.1420124062559482,True,True,True,True,0.84729766845703125,1.8193017581324966e-07
1000091,HIGH,0.84729786038720345,-1,2.9999999999999997e-08,0.84729783038720341,0.84729783038720186,508,1.1370365414498487,0.08576283995758413,0,9.4936054091596471,2.1420124085469778,True,True,True,True,0.84729766845703125,1.6193017060572856e-07
1000092,HIGH,0.84729786038720345,-1,9.9999999999999995e-08,0.8472977603872035,0.84729776038720672,508,1.1370365414498487,0.085762860677627936,0,9.49360541377294,2.1420124165655516,True,True,True,True,0.84729766845703125,9.1930175472043629e-08
1000093,HIGH,0.84729786038720345,-1,2.9999999999999999e-07,0.8472975603872035,0.84729756038720438,508,1.1370365414498487,0.08576291987775321,0,9.4936054269537866,2.142012439475784,True,True,True,True,0.84729766845703125,1.0806982686517586e-07
1000094,HIGH,0.84729786038720345,-1,9.9999999999999995e-07,0.84729686038720342,0.84729686038721042,508,1.1370365414498487,0.085763127078191698,0,9.4936054730867969,2.1420125196616064,True,True,True,True,0.84729766845703125,8.0806982083458934e-07
1000095,HIGH,0.84729786038720345,-1,3.0000000000000001e-06,0.84729486038720347,0.84729486038721191,508,1.1370365414498487,0.085763719079444412,0,9.4936056048957855,2.1420127487640168,True,True,True,True,0.84729194641113281,2.9139760790997116e-06
1000096,HIGH,0.84729786038720345,-1,1.0000000000000001e-05,0.8472878603872035,0.84728786038720472,508,1.1370365414498487,0.085765791083828979,0,9.4936060662318518,2.1420135506233056,True,True,True,True,0.84728622436523438,1.6360219703415169e-06
1000097,HIGH,0.84729786038720345,-1,3.0000000000000001e-05,0.84726786038720348,0.84726786038720903,508,1.1370365414498487,0.085771711096356368,0,9.4936073843743944,2.1420158416565096,True,True,True,True,0.84726715087890625,7.0950830277638488e-07
1000098,HIGH,0.84729786038720345,-1,0.0001,0.84719786038720346,0.84719786038720457,508,1.1370365414498487,0.085792431140202116,0,9.4936119983341101,2.1420238603514608,True,True,True,True,0.84719657897949219,1.2814077123834977e-06
1000099,HIGH,0.84729786038720345,1,1e-08,0.8472978703872035,0.84729787038721227,508,1.1370365414498487,0.085762828117559031,0,9.4936054065234785,2.1420124039649253,True,True,True,True,0.84729766845703125,2.0193018102077076e-07
1000100,HIGH,0.84729786038720345,1,2.9999999999999997e-08,0.84729789038720349,0.84729789038721037,508,1.1370365414498487,0.085762822197546509,0,9.4936054052054004,2.1420124016738993,True,True,True,True,0.84729766845703125,2.219301791228645e-07
1000101,HIGH,0.84729786038720345,1,9.9999999999999995e-08,0.8472979603872034,0.84729796038720906,508,1.1370365414498487,0.085762801477502704,0,9.4936054005921111,2.142012393655321,True,True,True,True,0.84729766845703125,2.9193017780926311e-07
1000102,HIGH,0.84729786038720345,1,2.9999999999999999e-07,0.8472981603872034,0.84729816038720784,508,1.1370365414498487,0.085762742277377402,0,9.4936053874112716,2.1420123707450851,True,True,True,True,0.84729766845703125,4.9193017659376892e-07
1000103,HIGH,0.84729786038720345,1,9.9999999999999995e-07,0.84729886038720348,0.84729886038720181,508,1.1370365414498487,0.085762535076938942,0,9.4936053412783963,2.142012290559288,True,True,True,True,0.84729766845703125,1.1919301705631824e-06
1000104,HIGH,0.84729786038720345,1,3.0000000000000001e-06,0.84730086038720343,0.84730086038720742,508,1.1370365414498487,0.085761943075686214,0,9.4936052094705765,2.1420120614570615,True,True,True,True,0.84729766845703125,3.1919301761718089e-06
1000105,HIGH,0.84729786038720345,1,1.0000000000000001e-05,0.8473078603872034,0.84730786038721106,508,1.1370365414498487,0.085759871071301647,0,9.4936047481478223,2.1420112596000735,True,True,True,True,0.8473052978515625,2.5625356485647899e-06
1000106,HIGH,0.84729786038720345,1,3.0000000000000001e-05,0.84732786038720342,0.8473278603872032,508,1.1370365414498487,0.085753951058774286,0,9.4936034301223078,2.14200896858685,True,True,True,True,0.84732627868652344,1.5817006797647082e-06
1000107,HIGH,0.84729786038720345,1,0.0001,0.84739786038720344,0.84739786038720055,508,1.1370365414498487,0.085733231014928538,0,9.4935988174938188,2.1420009501192832,True,True,True,True,0.84740066528320312,2.804896002572832e-06
1000108,HIGH,0.84729786038720345,-1,1e-08,0.8472978503872034,0.84729785038719996,49,1.1522605747221029,0.090269157422005267,0,4.991191731172238,1.9425540660106091,True,True,True,True,0.84729766845703125,1.819301687078223e-07
1000109,HIGH,0.84729786038720345,-1,2.9999999999999997e-08,0.84729783038720341,0.8472978303871983,49,1.1522605747221029,0.090269163342017802,0,4.9911917363990286,1.9425540669625518,True,True,True,True,0.84729766845703125,1.6193016705301488e-07
1000110,HIGH,0.84729786038720345,-1,9.9999999999999995e-08,0.8472977603872035,0.84729776038720317,49,1.1522605747221029,0.090269184062061622,0,4.9911917546927906,1.9425540702943498,True,True,True,True,0.84729766845703125,9.193017191932995e-08
1000111,HIGH,0.84729786038720345,-1,2.9999999999999999e-07,0.8472975603872035,0.84729756038719728,49,1.1522605747221029,0.09026924326218691,0,4.9911918069606864,1.9425540798137768,True,True,True,True,0.84729766845703125,1.0806983397060321e-07
1000112,HIGH,0.84729786038720345,-1,9.9999999999999995e-07,0.84729686038720342,0.8472968603871962,49,1.1522605747221029,0.09026945046262537,0,4.9911919898983639,1.9425541131317607,True,True,True,True,0.84729385375976562,3.0066274305795559e-06
1000113,HIGH,0.84729786038720345,-1,3.0000000000000001e-06,0.84729486038720347,0.84729486038720125,49,1.1522605747221029,0.090270042463878097,0,4.9911925125778502,1.9425542083260887,True,True,True,True,0.84729194641113281,2.9139760684415705e-06
1000114,HIGH,0.84729786038720345,-1,1.0000000000000001e-05,0.8472878603872035,0.84728786038720472,49,1.1522605747221029,0.090272114468262665,0,4.9911943419606439,1.9425545415070027,True,True,True,True,0.84728622436523438,1.6360219703415169e-06
1000115,HIGH,0.84729786038720345,-1,3.0000000000000001e-05,0.84726786038720348,0.84726786038720547,49,1.1522605747221029,0.09027803448079004,0,4.9911995688081285,1.9425554934591305,True,True,True,True,0.84726524353027344,2.6168569320361712e-06
1000116,HIGH,0.84729786038720345,-1,0.0001,0.84719786038720346,0.84719786038719747,49,1.1522605747221029,0.090298754524635774,0,4.9912178632351294,1.9425588253693526,True,True,True,True,0.847198486328125,6.2594092753442965e-07
1000117,HIGH,0.84729786038720345,1,1e-08,0.8472978703872035,0.84729787038720517,49,1.1522605747221029,0.090269151501992731,0,4.9911917259454519,1.9425540650586732,True,True,True,True,0.84729766845703125,2.019301739153434e-07
1000118,HIGH,0.84729786038720345,1,2.9999999999999997e-08,0.84729789038720349,0.84729789038719971,49,1.1522605747221029,0.090269145581980195,0,4.9911917207186631,1.9425540641067296,True,True,True,True,0.84729766845703125,2.2193016846472347e-07
1000119,HIGH,0.84729786038720345,1,9.9999999999999995e-08,0.8472979603872034,0.8472979603871984,49,1.1522605747221029,0.09026912486193639,0,4.9911917024249011,1.9425540607749201,True,True,True,True,0.84729766845703125,2.9193016715112208e-07
1000120,HIGH,0.84729786038720345,1,2.9999999999999999e-07,0.8472981603872034,0.84729816038719363,49,1.1522605747221029,0.090269065661811101,0,4.9911916501570159,1.942554051255506,True,True,True,True,0.84729766845703125,4.919301623829142e-07
1000121,HIGH,0.84729786038720345,1,9.9999999999999995e-07,0.84729886038720348,0.84729886038720181,49,1.1522605747221029,0.090268858461372628,0,4.991191467219469,1.9425540179375347,True,True,True,True,0.84729766845703125,1.1919301705631824e-06
1000122,HIGH,0.84729786038720345,1,3.0000000000000001e-06,0.84730086038720343,0.84730086038720032,49,1.1522605747221029,0.090268266460119914,0,4.9911909445411595,1.9425539227434119,True,True,True,True,0.84729957580566406,1.2845815362538815e-06
1000123,HIGH,0.84729786038720345,1,1.0000000000000001e-05,0.8473078603872034,0.84730786038720041,49,1.1522605747221029,0.090266194455735332,0,4.9911891151716752,1.9425535895647428,True,True,True,True,0.8473052978515625,2.5625356379066488e-06
1000124,HIGH,0.84729786038720345,1,3.0000000000000001e-05,0.84732786038720342,0.84732786038719254,49,1.1522605747221029,0.090260274443207972,0,4.9911838884412223,1.9425526376323616,True,True,True,True,0.84732627868652344,1.5817006691065671e-06
1000125,HIGH,0.84729786038720345,1,0.0001,0.84739786038720344,0.84739786038720766,49,1.1522605747221029,0.09023955439936221,0,4.9911655953454401,1.9425493059468004,True,True,True,True,0.84739494323730469,2.9171499029700954e-06
1000126,HIGH,0.84729786038720345,-1,1e-08,0.8472978503872034,0.84729785038719996,146,0.54219661010575138,0.09031015822894678,0,31.804128284363667,5.1687501309430708,True,True,True,True,0.84729385375976562,3.9966274343328223e-06
1000127,HIGH,0.84729786038720345,-1,2.9999999999999997e-08,0.84729783038720341,0.84729783038720541,146,0.54219661010575138,0.090310152308934272,0,31.804128289113795,5.1687501291664804,True,True,True,True,0.84729385375976562,3.9766274397834422e-06
1000128,HIGH,0.84729786038720345,-1,9.9999999999999995e-08,0.8472977603872035,0.84729776038721027,146,0.54219661010575138,0.090310131588890438,0,31.80412830573928,5.1687501229486603,True,True,True,True,0.84729385375976562,3.9066274446497573e-06
1000129,HIGH,0.84729786038720345,-1,2.9999999999999999e-07,0.8472975603872035,0.84729756038720794,146,0.54219661010575138,0.090310072388765164,0,31.804128353240678,5.1687501051832569,True,True,True,True,0.84729385375976562,3.7066274423125378e-06
1000130,HIGH,0.84729786038720345,-1,9.9999999999999995e-07,0.84729686038720342,0.84729686038720686,146,0.54219661010575138,0.090309865188326691,0,31.804128519495634,5.1687500430045468,True,True,True,True,0.84729385375976562,3.006627441237697e-06
1000131,HIGH,0.84729786038720345,-1,3.0000000000000001e-06,0.84729486038720347,0.84729486038720481,146,0.54219661010575138,0.090309273187073949,0,31.804128994510158,5.1687498653511614,True,True,True,True,0.84729194641113281,2.9139760719942842e-06
1000132,HIGH,0.84729786038720345,-1,1.0000000000000001e-05,0.8472878603872035,0.84728786038721182,146,0.54219661010575138,0.090307201182689409,0,31.804130657065585,5.1687492435643962,True,True,True,True,0.84728622436523438,1.6360219774469442e-06
1000133,HIGH,0.84729786038720345,-1,3.0000000000000001e-05,0.84726786038720348,0.84726786038721258,146,0.54219661010575138,0.090301281170162034,0,31.804135407263502,5.1687474670336204,True,True,True,True,0.84726524353027344,2.6168569391415986e-06
1000134,HIGH,0.84729786038720345,-1,0.0001,0.84719786038720346,0.84719786038720812,146,0.54219661010575138,0.090280561126316272,0,31.804152033416926,5.1687412492073266,True,True,True,True,0.84719657897949219,1.2814077159362114e-06
1000135,HIGH,0.84729786038720345,1,1e-08,0.8472978703872035,0.84729787038720161,146,0.54219661010575138,0.090310164148959357,0,31.804128279613511,5.1687501327195813,True,True,True,True,0.84729385375976562,4.0166274359876297e-06
1000136,HIGH,0.84729786038720345,1,2.9999999999999997e-08,0.84729789038720349,0.84729789038720682,146,0.54219661010575138,0.090310170068971865,0,31.804128274863388,5.1687501344961237,True,True,True,True,0.84729385375976562,4.0366274411951508e-06
1000137,HIGH,0.84729786038720345,1,9.9999999999999995e-08,0.8472979603872034,0.84729796038720906,146,0.54219661010575138,0.090310190789015685,0,31.804128258237899,5.1687501407139731,True,True,True,True,0.84729385375976562,4.1066274434342631e-06
1000138,HIGH,0.84729786038720345,1,2.9999999999999999e-07,0.8472981603872034,0.84729816038720784,146,0.54219661010575138,0.090310249989140959,0,31.804128210736501,5.1687501584793312,True,True,True,True,0.84729385375976562,4.3066274422187689e-06
1000139,HIGH,0.84729786038720345,1,9.9999999999999995e-07,0.84729886038720348,0.84729886038720537,146,0.54219661010575138,0.090310457189579446,0,31.804128044481704,5.1687502206580636,True,True,True,True,0.84729576110839844,3.0992788069283961e-06
1000140,HIGH,0.84729786038720345,1,3.0000000000000001e-06,0.84730086038720343,0.84730086038720387,146,0.54219661010575138,0.09031104919083216,0,31.804127569468331,5.1687503983115501,True,True,True,True,0.84729766845703125,3.1919301726190952e-06
1000141,HIGH,0.84729786038720345,1,1.0000000000000001e-05,0.8473078603872034,0.84730786038720396,146,0.54219661010575138,0.090313121195216728,0,31.804125906926206,5.1687510200992417,True,True,True,True,0.84730720520019531,6.5518700864686252e-07
1000142,HIGH,0.84729786038720345,1,3.0000000000000001e-05,0.84732786038720342,0.84732786038721031,146,0.54219661010575138,0.090319041207744075,0,31.804121156845348,5.1687527966380618,True,True,True,True,0.84732627868652344,1.5817006868701355e-06
1000143,HIGH,0.84729786038720345,1,0.0001,0.84739786038720344,0.8473978603872041,146,0.54219661010575138,0.090339761251589865,0,31.804104532023153,5.1687590145555777,True,True,True,True,0.8473968505859375,1.0098012666048817e-06
