mean radius,mean texture,mean perimeter,mean area,mean smoothness,mean compactness,mean concavity,mean concave points,mean symmetry,mean fractal dimension,radius error,texture error,perimeter error,area error,smoothness error,compactness error,concavity error,concave points error,symmetry error,fractal dimension error,worst radius,worst texture,worst perimeter,worst area,worst smoothness,worst compactness,worst concavity,worst concave points,worst symmetry,worst fractal dimension
15.289958752232998,22.427797316939458,98.984286878904257,711.77966860408469,0.090591621676929954,0.10494279952145351,0.054165557455523566,0.03282568906502123,0.17270553635072208,0.06315899810454359,0.20711701267742397,0.49418056255343168,1.3501775540759382,19.740081719723634,0.0032945532572890759,0.013854534698182156,0.017734554810302949,0.0060257976287411176,0.011694971127848229,0.0025689188648750499,17.825565317059553,28.068406742946014,113.9533339948201,976.04027813576784,0.13019989974441967,0.32978713142973481,0.36412304892061009,0.12300560341798894,0.31781185680713731,0.09773435173407638
15.289958754854275,22.427797321623956,98.984286895825434,711.77966891458948,0.090591621682621068,0.10494279945375486,0.054165557564903932,0.03282568911652925,0.17270553635217933,0.06315899810164774,0.20711701312936501,0.49418056217981643,1.3501775557019544,19.740081775019991,0.0032945532584875551,0.013854534673054393,0.0177345548088697,0.0060257976331624819,0.011694971121260288,0.0025689188632744128,17.825565323788691,28.068406753055189,113.95333403517969,976.04027890968894,0.13019989977071467,0.3297871314000263,0.36412304921621175,0.12300560352474926,0.3178118568892222,0.097734351737853956
15.289958764028752,22.427797338019687,98.984286955049555,711.77967000135618,0.090591621702539982,0.10494279921680956,0.054165557947735199,0.032825689296807313,0.17270553635727967,0.063158998091512264,0.20711701471115865,0.49418056087216333,1.3501775613930107,19.740081968557252,0.0032945532626822318,0.013854534585107223,0.017734554803853338,0.0060257976486372553,0.011694971098202504,0.0025689188576721823,17.825565347340675,28.068406788437304,113.95333417643825,976.04028161841279,0.13019989986274705,0.32978713129604642,0.36412305025081781,0.12300560389841039,0.31781185717651955,0.097734351751075449
15.289958790241538,22.427797384864643,98.984287124261357,711.77967310640406,0.090591621759451166,0.10494279853982298,0.054165559041538816,0.032825689811887493,0.1727055363718521,0.063158998062553789,0.20711701923056905,0.49418055713601117,1.3501775776531715,19.740082521520851,0.003294553274667023,0.013854534333829591,0.017734554789520858,0.0060257976928508941,0.011694971032323115,0.002568918841665809,17.825565414632059,28.068406889529065,113.95333458003414,976.04028935762392,0.13019990012569674,0.32978713099896101,0.36412305320683497,0.12300560496601365,0.317811857997369,0.097734351788851162
15.289958881986296,22.427797548821978,98.984287716502621,711.77968397407165,0.090591621958640331,0.10494279617037,0.054165562869851504,0.032825691614668119,0.1727055364228556,0.063158997961199101,0.20711703504850548,0.4941805440594792,1.3501776345637342,19.740084456893449,0.003294553316613792,0.01385453345435788,0.017734554739357183,0.0060257978475986287,0.011694970801745256,0.0025689187856435033,17.825565650151905,28.068407243350226,113.95333599261974,976.04031644486281,0.13019990104602064,0.32978712995916215,0.36412306355289514,0.123005608702625,0.31781186087034202,0.097734351921066151
15.289959144114171,22.427798017271517,98.984289408620526,711.77971502455034,0.090591622527752214,0.10494278940050432,0.054165573807887744,0.032825696765469911,0.17270553656857987,0.063158997671614286,0.20711708024260955,0.4941805066979591,1.3501777971653419,19.740089986529448,0.0032945534364617036,0.013854530941581568,0.0177345545960324,0.0060257982897350161,0.01169497014295137,0.0025689186255797736,17.825566323065747,28.068408254267826,113.95334002857859,976.04039383697409,0.13019990367551748,0.32978712698830814,0.36412309311306695,0.12300561937865748,0.31781186907883646,0.097734352298823268
15.289960061561734,22.427799656844897,98.984295331033195,711.77982370122606,0.090591624519643796,0.10494276570597444,0.054165612091014594,0.032825714793276173,0.1727055370786148,0.063158996658067401,0.20711723842197383,0.49418037593263864,1.3501783662709688,19.740109340255426,0.0032945538559293946,0.013854522146864471,0.017734554094395658,0.0060257998372123707,0.011694967837172771,0.0025689180653567182,17.825568678264201,28.068411792479431,113.95335415443458,976.04066470936323,0.13019991287875651,0.32978711659031934,0.36412319657366843,0.1230056567447711,0.31781189780856695,0.097734353620973186
15.289962682840486,22.42780434134027,98.984312252212248,711.7801342060136,0.090591630210762622,0.10494269800731766,0.054165721471377014,0.032825766301294058,0.17270553853585746,0.063158993762219201,0.20711769036301453,0.49418000231743753,1.3501799922870461,19.740164636615379,0.0032945550544085122,0.013854497019101335,0.017734552661147825,0.0060258042585762395,0.011694961249233918,0.0025689164647194175,17.825575407402631,28.068421901655448,113.95339451402313,976.04143863047534,0.13019993917372513,0.32978708688177971,0.36412349217538681,0.12300576350509573,0.31781197989351123,0.097734357398544386
15.28997185731612,22.427820737074068,98.98437147633895,711.78122097277014,0.090591650129678528,0.10494246106201889,0.054166104302645478,0.032825946579356675,0.17270554363620674,0.063158983626750473,0.20711927215665712,0.49417869466423348,1.3501856833433163,19.740358173875208,0.0032945592490854227,0.013854409071930364,0.017734547644780409,0.0060258197333497819,0.011694938191447934,0.0025689108624888648,17.82559895938715,28.068457283771508,113.95353577258307,976.04414735436751,0.13020003120611526,0.32978698290189112,0.36412452678140128,0.12300613716623197,0.31781226719081629,0.097734370620043573
15.289958749611719,22.427797312254963,98.984286861983065,711.7796682935799,0.090591621671238826,0.10494279958915217,0.054165557346143201,0.032825689013513216,0.17270553634926486,0.06315899810743944,0.20711701222548293,0.49418056292704682,1.3501775524499222,19.740081664427276,0.0032945532560905971,0.013854534723309921,0.017734554811736199,0.0060257976243197533,0.011694971134436167,0.0025689188664756871,17.825565310330415,28.068406732836838,113.95333395446052,976.04027736184673,0.13019989971812471,0.32978713145944338,0.36412304862500833,0.12300560331122862,0.31781185672505236,0.097734351730298805
15.28995874699044,22.427797307570469,98.984286845061888,711.77966798307511,0.090591621665547711,0.10494279965685083,0.054165557236762842,0.032825688962005203,0.17270553634780761,0.063158998110335277,0.20711701177354189,0.49418056330066207,1.3501775508239062,19.740081609130911,0.0032945532548921178,0.013854534748437683,0.017734554813169448,0.0060257976198983898,0.011694971141024106,0.0025689188680763243,17.825565303601273,28.068406722727659,113.95333391410092,976.04027658792563,0.13019989969182974,0.32978713148915195,0.36412304832940662,0.12300560320446829,0.31781185664296741,0.097734351726521243
15.289958737815965,22.427797291174734,98.984286785837767,711.7796668963083,0.090591621645628798,0.10494279989379612,0.054165556853931568,0.032825688781727133,0.17270553634270724,0.063158998120470752,0.20711701019174822,0.49418056460831528,1.3501775451328497,19.740081415593654,0.0032945532506974406,0.013854534836384854,0.017734554818185814,0.0060257976044236156,0.011694971164081892,0.0025689188736785547,17.82556528004929,28.068406687345544,113.95333377284237,976.04027387920166,0.13019989959979736,0.32978713159313183,0.36412304729480061,0.12300560283080715,0.31781185635567011,0.097734351713299736
15.289958711603177,22.427797244329781,98.98428661662598,711.77966379126042,0.0905916215887176,0.10494280057078269,0.054165555760127951,0.03282568826664696,0.17270553632813485,0.063158998149429241,0.20711700567233782,0.49418056834446722,1.3501775288726892,19.740080862630052,0.0032945532387126495,0.013854535087662486,0.01773455483251829,0.0060257975602099776,0.011694971229961281,0.0025689188896849281,17.825565212757905,28.068406586253783,113.95333336924648,976.04026613999054,0.13019989933684767,0.32978713189021719,0.3641230443387834,0.12300560176320391,0.31781185553482066,0.097734351675524023
15.289958619858421,22.427797080372443,98.984286024384716,711.77965292359283,0.090591621389528448,0.10494280294023568,0.054165551931815263,0.032825686463866334,0.17270553627713134,0.063158998250783915,0.20711698985440138,0.4941805814209993,1.3501774719621265,19.740078927257457,0.0032945531967658805,0.013854535967134195,0.017734554882681965,0.0060257974054622422,0.01169497146053914,0.0025689189457072338,17.825564977238059,28.068406232432622,113.95333195666088,976.04023905275164,0.13019989841652377,0.3297871329300161,0.36412303399272328,0.12300559802659254,0.31781185266184758,0.097734351543309034
15.289958357730546,22.427796611922904,98.98428433226681,711.77962187311414,0.090591620820416566,0.10494280971010136,0.054165540993779022,0.032825681313064542,0.17270553613140707,0.063158998540368744,0.20711694466029734,0.49418061878251951,1.3501773093605187,19.740073397621458,0.0032945530769179685,0.013854538479910508,0.017734555026006751,0.0060257969633258548,0.011694972119333026,0.0025689191057709634,17.825564304324217,28.068405221515022,113.95332792070202,976.04016166064048,0.1301998957870269,0.32978713590087005,0.36412300443255141,0.12300558735056008,0.31781184445335314,0.097734351165551916
15.289957440282983,22.427794972349524,98.984278409854142,711.77951319643853,0.09059161882852497,0.10494283340463123,0.054165502710652173,0.03282566328525828,0.17270553562137214,0.063158999553915615,0.20711678648093307,0.49418074954783986,1.3501767402548916,19.740054043895476,0.0032945526574502779,0.013854547274627607,0.01773455552764349,0.0060257954158485011,0.011694974425111625,0.0025689196659940189,17.825561949125767,28.068401683303417,113.95331379484603,976.03989078825123,0.13019988658378789,0.32978714629885891,0.36412290097194999,0.12300554998444646,0.31781181572362266,0.097734349843401999
15.28995481900423,22.427790287854155,98.984261488675074,711.77920269165088,0.090591613137406143,0.10494290110328802,0.054165393330289753,0.032825611777240388,0.17270553416412948,0.063159002449763815,0.20711633453989234,0.49418112316304097,1.3501751142388145,19.739998747535523,0.0032945514589711607,0.013854572402390741,0.017734556960891323,0.0060257909944846314,0.011694981013050477,0.0025689212666313195,17.825555219987333,28.0683915741274,113.95327343525747,976.03911686713923,0.13019986028881927,0.32978717600739849,0.36412260537023156,0.12300544322412181,0.31781173363867837,0.097734346065830799
15.289945644528597,22.427773892120353,98.984202264548372,711.77811592489445,0.090591593218490252,0.10494313804858679,0.054165010499021282,0.032825431499177771,0.1727055290637802,0.063159012585232543,0.20711475274624974,0.49418243081624513,1.3501694231825443,19.739805210275694,0.0032945472642942498,0.013854660349561712,0.017734561977258739,0.006025775519711089,0.011695004070836462,0.0025689268688618722,17.825531668002814,28.068356192011343,113.95313217669755,976.03640814324694,0.13019976825642912,0.32978727998728707,0.36412157076421714,0.12300506956298557,0.31781144634137332,0.097734332844331612
14.466526673481688,19.853147962186327,94.780344315628639,648.01133863708162,0.097621015135140418,0.11289837529795997,0.095821458688163955,0.059304247188720245,0.1879258654875933,0.06384859982600187,0.29752177685892423,1.844368476184663,2.4048611499394763,27.83148877985596,0.0080262725359774491,0.028503992024041695,0.033184560411068272,0.01431847748085498,0.014503066659861077,0.004423589313426326,16.449439577514969,31.039433923722214,110.21636692466343,840.13679729825265,0.14356672541707766,0.30207268503199897,0.32464681498351305,0.15839495404146098,0.27325697568322271,0.093597050412506017
14.466526676102967,19.853147966870822,94.780344332549816,648.01133894758641,0.097621015140831546,0.11289837523026132,0.09582145879754432,0.059304247240228265,0.18792586548905055,0.06384859982310602,0.29752177731086527,1.8443684758110477,2.4048611515654925,27.831488835152321,0.008026272537175928,0.02850399199891393,0.033184560409635022,0.014318477485276345,0.014503066653273139,0.0044235893118256889,16.449439584244107,31.03943393383139,110.21636696502303,840.13679807217375,0.14356672544337262,0.30207268500229045,0.32464681527911476,0.1583949541482213,0.27325697576530761,0.093597050416283578
14.466526685277444,19.853147983266556,94.780344391773951,648.01134003435311,0.09762101516075046,0.11289837499331602,0.095821459180375587,0.059304247420506329,0.18792586549415088,0.063848599812970544,0.29752177889265891,1.8443684745033946,2.4048611572565486,27.831489028689582,0.0080262725413706056,0.02850399191096676,0.033184560404618653,0.014318477500751119,0.014503066630215352,0.0044235893062234584,16.449439607796094,31.039433969213508,110.21636710628158,840.1368007808976,0.14356672553540503,0.30207268489831052,0.32464681631372078,0.15839495452188243,0.27325697605260491,0.093597050429505085
14.46652671149023,19.853148030111509,94.780344560985739,648.01134313940099,0.097621015217661644,0.11289837431632946,0.095821460274179204,0.059304247935586508,0.18792586550872331,0.063848599784012069,0.29752178341206931,1.8443684707672425,2.4048611735167094,27.83148958165318,0.0080262725533553972,0.028503991659689129,0.03318456039028618,0.014318477544964757,0.014503066564335964,0.0044235892902170851,16.449439675087479,31.039434070305269,110.21636750987747,840.13680852010884,0.14356672579835472,0.30207268460122516,0.32464681926973793,0.15839495558948569,0.2732569768734544,0.093597050467280798
14.466526803234988,19.853148194068847,94.780345153227003,648.01135400706858,0.097621015416850809,0.11289837194687646,0.095821464102491899,0.059304249738367135,0.18792586555972682,0.063848599682657381,0.29752179923000577,1.8443684576907104,2.4048612304272723,27.831491517025778,0.0080262725953021662,0.028503990780217418,0.033184560340122501,0.014318477699712492,0.014503066333758103,0.0044235892341947794,16.449439910607321,31.039434424126426,110.21636892246306,840.13683560734773,0.14356672671867862,0.30207268356142625,0.3246468296157981,0.15839495932609704,0.27325697974642743,0.093597050599495787
14.466527065362863,19.853148662518382,94.780346845344909,648.01138505754739,0.097621015985962692,0.11289836517701078,0.09582147504052814,0.05930425488916892,0.18792586570545108,0.063848599393072553,0.29752184442410978,1.8443684203291904,2.40486139302888,27.831497046661774,0.0080262727151500773,0.028503988267441105,0.033184560196797719,0.014318478141848879,0.014503065674964219,0.0044235890741310489,16.449440583521167,31.03943543504403,110.21637295842193,840.1369129994589,0.14356672934817546,0.3020726805905723,0.32464685917596997,0.15839497000212949,0.27325698795492187,0.093597050977252905
14.466527982810426,19.853150302091763,94.780352767757577,648.011493734223,0.097621017977854274,0.11289834148248092,0.095821513323654989,0.059304272916975181,0.18792586621548601,0.063848598379525681,0.29752200260347406,1.84436828956387,2.4048619621345071,27.831516400387756,0.0080262731346177688,0.028503979472724008,0.03318455969516098,0.014318479689326234,0.01450306336918562,0.0044235885139079943,16.449442938719617,31.039438973255635,110.21638708427791,840.13718387184815,0.1435667385514145,0.30207267019258344,0.32464696263657139,0.15839500736824313,0.27325701668465235,0.093597052299402822
14.466530604089177,19.853154986587136,94.780369688936631,648.01180423901053,0.0976210236689731,0.11289827378382412,0.095821622704017409,0.059304324424993074,0.18792586767272867,0.063848595483677481,0.29752245454451481,1.8443679159486688,2.404863588150584,27.831571696747709,0.0080262743330968851,0.028503954344960874,0.033184558261913147,0.014318484110690102,0.014503056781246767,0.0044235869132706936,16.449449667858051,31.039449082431652,110.21642744386646,840.13795779296015,0.14356676484638312,0.30207264048404386,0.32464725823828977,0.15839511412856777,0.27325709876959664,0.093597056076974022
14.46653977856481,19.853171382320934,94.780428913063332,648.01289100576707,0.097621043587888992,0.11289803683852535,0.095822005535285873,0.059304504703055691,0.18792587277307793,0.063848585348208753,0.29752403633815738,1.8443666082954646,2.4048692792068547,27.831765234007538,0.0080262785277737964,0.028503866397789901,0.033184553245545728,0.014318499585463646,0.014503033723460781,0.0044235813110401409,16.44947321984257,31.039484464547709,110.2165687024264,840.14066651685243,0.14356685687877324,0.30207253650415528,0.32464829284430424,0.158395487789704,0.2732573860669017,0.093597069298473209
14.466526670860411,19.853147957501829,94.780344298707462,648.01133832657683,0.097621015129449304,0.11289837536565864,0.095821458578783589,0.059304247137212232,0.18792586548613607,0.063848599828897706,0.29752177640698318,1.844368476558278,2.4048611483134605,27.831488724559598,0.0080262725347789703,0.028503992049169459,0.033184560412501521,0.014318477476433618,0.014503066666449016,0.0044235893150269632,16.449439570785831,31.039433913613038,110.21636688430385,840.13679652433154,0.14356672539078269,0.30207268506170748,0.32464681468791134,0.15839495393470066,0.27325697560113776,0.093597050408728441
14.466526668239132,19.853147952817334,94.780344281786284,648.01133801607205,0.09762101512375819,0.11289837543335729,0.095821458469403237,0.059304247085704212,0.18792586548467882,0.063848599831793557,0.29752177595504214,1.8443684769318933,2.4048611466874443,27.831488669263241,0.0080262725335804915,0.02850399207429722,0.03318456041393477,0.014318477472012254,0.014503066673036955,0.0044235893166276003,16.449439564056693,31.039433903503863,110.21636684394426,840.13679575041044,0.14356672536448772,0.30207268509141605,0.32464681439230958,0.1583949538279403,0.27325697551905281,0.093597050404950866
14.466526659064655,19.8531479364216,94.78034422256215,648.01133692930523,0.097621015103839276,0.11289837567030259,0.09582145808657197,0.059304246905426149,0.18792586547957846,0.063848599841929032,0.2975217743732485,1.8443684782395464,2.4048611409963878,27.831488475725983,0.0080262725293858139,0.02850399216224439,0.033184560418951133,0.014318477456537479,0.014503066696094739,0.0044235893222298308,16.449439540504709,31.039433868121748,110.21636670268569,840.13679304168659,0.14356672527245534,0.30207268519539593,0.32464681335770362,0.15839495345427917,0.27325697523175552,0.093597050391729372
14.466526632851869,19.853147889576647,94.780344053350362,648.01133382425735,0.097621015046928078,0.11289837634728915,0.095821456992768339,0.059304246390345969,0.18792586546500603,0.063848599870887507,0.2975217698538381,1.8443684819756987,2.404861124736227,27.831487922762381,0.0080262725174010223,0.028503992413522021,0.033184560433283612,0.014318477412323841,0.014503066761974128,0.0044235893382362041,16.449439473213324,31.039433767029987,110.21636629908981,840.13678530247546,0.14356672500950565,0.30207268549248134,0.32464681040168641,0.15839495238667595,0.27325697441090607,0.093597050353953659
14.466526541107111,19.853147725619309,94.780343461109098,648.01132295658988,0.097621014847738927,0.11289837871674215,0.095821453164455658,0.05930424458756535,0.18792586541400255,0.063848599972242195,0.29752175403590164,1.8443684950522305,2.4048610678256646,27.831485987389783,0.0080262724754542533,0.028503993292993732,0.033184560483447284,0.014318477257576106,0.014503066992551989,0.0044235893942585099,16.449439237693479,31.039433413208826,110.21636488650421,840.13675821523645,0.14356672408918175,0.30207268653228025,0.32464680005562629,0.15839494865006457,0.27325697153793299,0.09359705022173867
14.466526278979236,19.853147257169773,94.780341768991192,648.01129190611107,0.097621014278627044,0.11289838548660783,0.095821442226419418,0.059304239436763558,0.18792586526827829,0.063848600261827024,0.29752170884179757,1.8443685324137506,2.4048609052240568,27.831480457753788,0.0080262723556063422,0.028503995805770045,0.033184560626772074,0.014318476815439719,0.014503067651345875,0.0044235895543222395,16.449438564779637,31.039432402291226,110.21636085054536,840.13668082312529,0.14356672145968488,0.30207268950313421,0.32464677049545443,0.15839493797403212,0.27325696332943855,0.093597049843981553
14.466525361531673,19.853145617596393,94.780335846578524,648.01118322943546,0.097621012286735448,0.11289840918113769,0.095821403943292568,0.059304221408957296,0.18792586475824336,0.063848601275373895,0.29752155066243335,1.844368663179071,2.4048603361184298,27.831461104027806,0.0080262719361386507,0.028504004600487142,0.033184561128408813,0.014318475267962365,0.014503069957124474,0.0044235901145452949,16.449436209581183,31.039428864079618,110.21634672468936,840.13640995073604,0.14356671225644588,0.30207269990112307,0.32464666703485295,0.1583949006079185,0.27325693459970807,0.093597048521831622
14.466522740252922,19.85314093310102,94.78031892539947,648.01087272464781,0.097621006595616622,0.11289847687979448,0.095821294562930148,0.059304169900939403,0.1879258633010007,0.063848604171222095,0.2975210987213926,1.8443690367942724,2.4048587101023524,27.831405807667856,0.0080262707376595344,0.02850402972825028,0.033184562561656646,0.014318470846598496,0.014503076545063326,0.0044235917151825956,16.449429480442749,31.0394187549036,110.21630636510081,840.13563602962404,0.14356668596147726,0.30207272960966264,0.32464637143313457,0.15839479384759386,0.27325685251476378,0.093597044744260435
14.466513565777289,19.853124537367222,94.780259701272769,648.00978595789138,0.09762098667670073,0.11289871382509326,0.095820911731661684,0.059303989622876786,0.18792585820065141,0.063848614306690823,0.29751951692775003,1.8443703444474764,2.4048530190460822,27.831212270408024,0.0080262665429826231,0.028504117675421249,0.033184567578024057,0.014318455371824952,0.014503099602849311,0.0044235973174131483,16.449405928458233,31.039383372787547,110.21616510654088,840.13292730573176,0.14356659392908711,0.30207283358955123,0.3246453368271201,0.15839442018645761,0.27325656521745872,0.093597031522761248
14.033363252256484,17.239818004693454,92.079114337168775,599.43582426835906,0.10297639296009342,0.14722262066576988,0.10624407815592436,0.059426580658840114,0.21069637751239917,0.068968477575032897,0.28618997968415327,1.1692902485819103,2.0405396636585005,26.34712986113319,0.0060392636942386418,0.032718127627480297,0.038995209430564406,0.014642415302703084,0.018954294142978532,0.0044541388099626272,16.195044359646413,27.598589569247153,107.06925809595019,801.28474365356089,0.14773906772525208,0.43503516927011432,0.48315018146500111,0.17246079697774941,0.36842884380078256,0.10614983685072081
14.033363254877763,17.239818009377949,92.079114354089953,599.43582457886384,0.10297639296578454,0.14722262059807123,0.10624407826530473,0.059426580710348134,0.21069637751385642,0.068968477572137046,0.28618998013609431,1.169290248208295,2.0405396652845162,26.347129916429552,0.0060392636954371207,0.032718127602352536,0.038995209429131157,0.014642415307124448,0.018954294136390593,0.00445413880836199,16.195044366375551,27.598589579356329,107.06925813630978,801.284744427482,0.14773906775154705,0.43503516924040575,0.48315018176060287,0.17246079708450973,0.36842884388286751,0.10614983685449839
14.033363264052239,17.239818025773683,92.079114413314073,599.43582566563066,0.10297639298570345,0.14722262036112593,0.106244078648136,0.059426580890626197,0.21069637751895676,0.068968477562001584,0.28618998171788795,1.1692902469006419,2.0405396709755728,26.347130109966809,0.0060392636996317974,0.032718127514405365,0.038995209424114795,0.014642415322599221,0.018954294113332808,0.0044541388027597596,16.195044389927538,27.598589614738444,107.06925827756834,801.28474713620597,0.14773906784357943,0.43503516913642593,0.48315018279520883,0.17246079745817089,0.3684288441701648,0.10614983686771988
14.033363290265026,17.239818072618636,92.079114582525875,599.43582877067854,0.10297639304261463,0.14722261968413936,0.10624407974193961,0.059426581405706377,0.21069637753352918,0.068968477533043096,0.28618998623729835,1.1692902431644898,2.0405396872357335,26.347130662930407,0.0060392637116165881,0.032718127263127735,0.038995209409782315,0.01464241536681286,0.01895429404745342,0.0044541387867533862,16.19504445721892,27.598589715830204,107.06925868116423,801.28475487541709,0.14773906810652912,0.43503516883934046,0.48315018575122604,0.17246079852577412,0.36842884499101425,0.10614983690549559
14.033363382009782,17.239818236575974,92.079115174767139,599.43583963834612,0.1029763932418038,0.14722261731468636,0.10624408357025231,0.059426583208487004,0.21069637758453269,0.068968477431688407,0.28619000205523482,1.1692902300879577,2.0405397441462965,26.347132598303006,0.0060392637535633571,0.032718126383656024,0.038995209359618643,0.014642415521560596,0.018954293816875561,0.0044541387307310814,16.195044692738765,27.598590069651365,107.06926009374983,801.28478196265598,0.14773906902685302,0.4350351677995416,0.48315019609728616,0.17246080226238547,0.36842884786398727,0.10614983703771058
14.033363644137658,17.239818705025513,92.079116866885045,599.43587068882482,0.10297639381091568,0.14722261054482069,0.10624409450828855,0.059426588359288789,0.21069637773025696,0.068968477142103593,0.28619004724933883,1.1692901927264376,2.0405399067479042,26.347138127939004,0.00603926387341127,0.03271812387087971,0.038995209216293861,0.014642415963696982,0.018954293158081673,0.0044541385706673509,16.195045365652611,27.598591080568966,107.06926412970869,801.28485935476715,0.14773907165634989,0.43503516482868765,0.48315022565745802,0.17246081293841795,0.36842885607248171,0.10614983741546771
14.033364561585222,17.239820344598893,92.079122789297713,599.43597936550043,0.10297639580280726,0.1472225868502908,0.1062441327914154,0.05942660638709505,0.21069637824029186,0.068968476128556722,0.2861902054287031,1.1692900619611173,2.0405404758535308,26.347157481664986,0.0060392642928789606,0.03271811507616261,0.038995208714657115,0.014642417511174337,0.018954290852303077,0.0044541380104442954,16.195047720851061,27.598594618780574,107.06927825556467,801.2851302271564,0.14773908085958889,0.43503515443069879,0.48315032911805944,0.17246085030453157,0.3684288848022122,0.10614983873761763
14.033367182863973,17.239825029094263,92.079139710476767,599.43628987028808,0.10297640149392609,0.14722251915163403,0.1062442421717778,0.059426657895112943,0.21069637969753452,0.068968473232708508,0.28619065736974386,1.1692896883459161,2.0405421018696082,26.347212778024936,0.0060392654913580777,0.032718089948399476,0.038995207281409282,0.014642421932538206,0.018954284264364223,0.0044541364098069948,16.195054449989495,27.598604727956587,107.06931861515322,801.28590414826851,0.14773910715455751,0.43503512472215922,0.48315062471977788,0.1724609570648562,0.36842896688715654,0.10614984251518883
14.033376357339606,17.239841424828064,92.079198934603468,599.43737663704451,0.102976421412842,0.14722228220633526,0.10624462500304628,0.05942683817317556,0.2106963847978838,0.068968463097239793,0.28619223916338643,1.1692883806927121,2.0405477929258784,26.347406315284765,0.0060392696860349883,0.032718002001228506,0.03899520226504187,0.01464243740731175,0.018954261206578237,0.0044541308075764429,16.195078001974014,27.598640110072644,107.06945987371316,801.28861287216068,0.14773919918694767,0.43503502074227063,0.48315165932579229,0.17246133072599246,0.36842925418446154,0.10614985573668802
14.033363249635205,17.23981800000896,92.079114320247598,599.43582395785427,0.10297639295440229,0.14722262073346853,0.10624407804654401,0.059426580607332101,0.21069637751094192,0.068968477577928747,0.28618997923221223,1.1692902489555255,2.0405396620324843,26.347129805836829,0.0060392636930401622,0.032718127652608064,0.038995209431997656,0.014642415298281721,0.018954294149566474,0.0044541388115632644,16.195044352917275,27.598589559137977,107.06925805559061,801.28474287963979,0.14773906769895712,0.43503516929982289,0.4831501811693994,0.17246079687098909,0.36842884371869761,0.10614983684694324
14.033363247013927,17.239817995324465,92.079114303326421,599.43582364734948,0.10297639294871118,0.14722262080116719,0.10624407793716364,0.059426580555824081,0.21069637750948467,0.068968477580824597,0.28618997878027119,1.1692902493291406,2.0405396604064681,26.347129750540471,0.0060392636918416833,0.032718127677735825,0.038995209433430905,0.014642415293860357,0.018954294156154412,0.0044541388131639024,16.195044346188137,27.598589549028802,107.06925801523101,801.28474210571869,0.14773906767266215,0.4350351693295314,0.48315018087379769,0.17246079676422876,0.36842884363661266,0.10614983684316567
14.033363237839451,17.23981797892873,92.079114244102286,599.43582256058278,0.10297639292879227,0.14722262103811248,0.10624407755433238,0.059426580375546018,0.21069637750438433,0.068968477590960059,0.28618997719847755,1.1692902506367939,2.040539654715412,26.34712955700321,0.0060392636876470066,0.032718127765682996,0.038995209438447274,0.014642415278385583,0.018954294179212197,0.0044541388187661329,16.195044322636154,27.598589513646683,107.06925787397246,801.28473939699484,0.14773906758062977,0.43503516943351128,0.48315017983919167,0.17246079639056763,0.36842884334931536,0.10614983682994417
14.033363211626664,17.239817932083778,92.079114074890498,599.4358194555349,0.10297639287188107,0.14722262171509906,0.10624407646052875,0.059426579860465838,0.2106963774898119,0.068968477619918547,0.28618997267906715,1.169290254372946,2.0405396384552512,26.347129004039608,0.006039263675662215,0.032718128016960626,0.038995209452779747,0.014642415234171945,0.018954294245091586,0.0044541388347725053,16.195044255344769,27.598589412554922,107.06925747037657,801.28473165778371,0.14773906731768008,0.43503516973059669,0.48315017688317446,0.17246079532296438,0.36842884252846592,0.10614983679216847
14.033363119881907,17.239817768126439,92.079113482649234,599.43580858786731,0.10297639267269192,0.14722262408455206,0.10624407263221607,0.059426578057685212,0.21069637743880842,0.068968477721273236,0.28618995686113069,1.1692902674494778,2.0405395815446887,26.347127068667014,0.006039263633715446,0.032718128896432337,0.038995209502943426,0.014642415079424209,0.018954294475669445,0.004454138890794811,16.195044019824923,27.598589058733765,107.06925605779097,801.28470457054482,0.14773906639735618,0.43503517077039555,0.48315016653711429,0.17246079158635302,0.36842883965549283,0.10614983665995346
14.033362857754032,17.239817299676901,92.079111790531329,599.4357775373885,0.10297639210358003,0.14722263085441772,0.10624406169417983,0.059426572906883426,0.21069637729308416,0.06896847801085805,0.28618991166702662,1.1692903048109979,2.040539418943081,26.347121539031015,0.006039263513867534,0.032718131409208651,0.038995209646268209,0.014642414637287823,0.018954295134463332,0.0044541390508585415,16.195043346911081,27.598588047816161,107.06925202183211,801.28462717843354,0.14773906376785931,0.43503517374124956,0.48315013697694248,0.17246078091032055,0.36842883144699845,0.10614983628219635
14.033361940306468,17.23981566010352,92.07910586811866,599.43566886071289,0.10297639011168844,0.14722265454894759,0.10624402341105298,0.059426554879077165,0.21069637678304923,0.068968479024404922,0.2861897534876624,1.1692904355763185,2.0405388498374535,26.347102185305033,0.0060392630943998434,0.032718140203925744,0.038995210147904948,0.014642413089810468,0.018954297440241928,0.0044541396110815961,16.195040991712627,27.598584509604557,107.06923789597613,801.28435630604429,0.1477390545646203,0.43503518413923836,0.48315003351634106,0.17246074354420693,0.36842880271726791,0.10614983496004643
14.033359319027717,17.239810975608151,92.079088946939592,599.43535835592536,0.10297638442056961,0.14722272224760438,0.10624391403069056,0.059426503371059272,0.21069637532580657,0.068968481920253136,0.28618930154662164,1.1692908091915195,2.0405372238213766,26.347046888945084,0.0060392618959207263,0.032718165331688878,0.038995211581152781,0.014642408668446599,0.018954304028180782,0.0044541412117188968,16.195034262574193,27.598574400428539,107.06919753638758,801.28358238493229,0.14773902826965168,0.43503521384777799,0.48314973791462262,0.17246063678388229,0.36842872063232363,0.10614983118247523
14.033350144552085,17.239794579874349,92.079029722812905,599.43427158916882,0.10297636450165372,0.14722295919290315,0.10624353119942209,0.059426323092996655,0.21069637022545729,0.06896849205572185,0.28618771975297908,1.1692921168447237,2.0405315327651063,26.346853351685255,0.0060392577012438158,0.032718253278859855,0.038995216597520199,0.014642393193673057,0.018954327085966768,0.0044541468139494495,16.195010710589678,27.598539018312483,107.06905627782764,801.28087366104012,0.14773893623726153,0.43503531782766658,0.48314870330860821,0.17246026312274604,0.36842843333501862,0.10614981796097604
11.982112617902128,16.905454023119415,80.165594245152306,453.57223442460571,0.1094953889098777,0.16529665450270165,0.17349917049280383,0.077728505327982075,0.26790124153107103,0.073508811745028171,0.35109847908061487,1.400043187008273,2.393967018224771,28.56169934718158,0.0055102640059211455,0.034584255590850203,0.04639042550236188,0.018737173034635488,0.055822304766294531,0.0045237961652714121,14.207505035599338,27.082332213850705,94.733971276396943,645.46795567730055,0.14032683568768198,0.40713600741047101,0.470936847807779,0.1939171440911307,0.58310282885140818,0.10326244571638445
11.982112620523408,16.905454027803909,80.165594262073483,453.57223473511056,0.10949538891556881,0.16529665443500299,0.1734991706021842,0.077728505379490082,0.26790124153252826,0.073508811742132321,0.35109847953255591,1.4000431866346579,2.3939670198507872,28.561699402477938,0.0055102640071196243,0.034584255565722435,0.046390425500928638,0.018737173039056851,0.055822304759706592,0.0045237961636707749,14.207505042328476,27.082332223959881,94.733971316756538,645.46795645122165,0.14032683571397694,0.4071360073807625,0.47093684810338071,0.19391714419789102,0.58310282893349319,0.10326244572016202
11.982112629697884,16.905454044199644,80.165594321297618,453.57223582187726,0.10949538893548774,0.1652966541980577,0.17349917098501547,0.077728505559768152,0.26790124153762862,0.073508811731996859,0.35109848111434955,1.4000431853270046,2.3939670255418437,28.561699596015199,0.005510264011314301,0.034584255477775265,0.046390425495912269,0.018737173054531625,0.055822304736648815,0.0045237961580685444,14.207505065880461,27.082332259341996,94.733971458015091,645.46795915994562,0.14032683580600935,0.40713600727678256,0.47093684913798672,0.19391714457155212,0.58310282922079049,0.10326244573338351
11.982112655910671,16.905454091044597,80.165594490509406,453.57223892692514,0.10949538899239893,0.16529665352107115,0.1734991720788191,0.077728506074848325,0.26790124155220107,0.073508811703038371,0.35109848563375995,1.4000431815908527,2.3939670418020045,28.561700148978797,0.0055102640232990927,0.034584255226497634,0.046390425481579789,0.018737173098745265,0.055822304670769415,0.0045237961420621711,14.207505133171846,27.082332360433757,94.733971861610982,645.46796689915664,0.14032683606895902,0.40713600697969721,0.47093685209400393,0.19391714563915538,0.58310283004163999,0.10326244577115923
11.982112747655428,16.905454255001935,80.16559508275067,453.57224979459272,0.10949538919158808,0.16529665115161812,0.17349917590713176,0.077728507877628958,0.26790124160320455,0.073508811601683682,0.35109850145169635,1.4000431685143206,2.393967098712567,28.561702084351396,0.0055102640652458616,0.034584254347025924,0.04639042543141611,0.018737173253493,0.055822304440191567,0.0045237960860398663,14.207505368691692,27.082332714254918,94.733973274196586,645.46799398639564,0.14032683698928294,0.40713600593989829,0.47093686244006405,0.19391714937576676,0.58310283291461307,0.10326244590337422
11.982113009783303,16.90545472345147,80.165596774868575,453.57228084507148,0.10949538976069997,0.16529664438175246,0.17349918684516802,0.077728513028430743,0.26790124174892882,0.073508811312098868,0.35109854664580042,1.4000431311528005,2.3939672613141747,28.561707613987391,0.0055102641850937727,0.03458425183424961,0.046390425288091328,0.018737173695629387,0.055822303781397672,0.0045237959259761358,14.207506041605534,27.082333725172521,94.733977310155439,645.46807137850681,0.14032683961877979,0.40713600296904434,0.47093689200023586,0.19391716005179921,0.5831028411231074,0.10326244628113133
11.982113927230866,16.90545636302485,80.165602697281244,453.57238952174714,0.10949539175259156,0.16529662068722259,0.17349922512829485,0.077728531056237005,0.26790124225896372,0.073508810298551996,0.3510987048251647,1.40004300038748,2.3939678304198018,28.561726967713373,0.0055102646045614642,0.034584243039532517,0.046390424786454595,0.018737175243106741,0.055822301475619077,0.0045237953657530803,14.207508396803986,27.082337263384126,94.733991436011422,645.46834225089606,0.14032684882201882,0.40713599257105548,0.47093699546083734,0.19391719741791286,0.58310286985283799,0.10326244760328125
11.982116548509618,16.905461047520223,80.165619618460298,453.57270002653468,0.10949539744371038,0.1652965529885658,0.17349933450865729,0.077728582564254897,0.26790124371620638,0.073508807402703782,0.35109915676620546,1.400042626772279,2.3939694564358791,28.561782264073326,0.0055102658030405814,0.034584217911769383,0.046390423353206756,0.01873717966447061,0.055822294887680229,0.0045237937651157797,14.20751512594242,27.082347372560143,94.734031795599975,645.46911617200817,0.14032687511698741,0.40713596286251591,0.47093729106255577,0.19391730417823749,0.58310295193778217,0.10326245138085245
11.98212572298525,16.905477443254021,80.165678842586999,453.57378679329116,0.10949541736262627,0.16529631604326703,0.17349971733992575,0.077728762842317514,0.26790124881655569,0.073508797267235054,0.35110073855984802,1.4000413191190748,2.3939751474921493,28.561975801333155,0.0055102699977174919,0.034584129964598406,0.046390418336839344,0.018737195139244153,0.055822271829894243,0.0045237881628852278,14.207538677926937,27.0823827546762,94.734173054159911,645.47182489590034,0.14032696714937756,0.40713585888262732,0.47093832566857019,0.19391767783937372,0.58310323923508722,0.10326246460235164
11.982112615280851,16.905454018434916,80.165594228231129,453.57223411410092,0.10949538890418659,0.1652966545704003,0.17349917038342347,0.077728505276474055,0.26790124152961381,0.073508811747924022,0.35109847862867383,1.4000431873818882,2.3939670165987552,28.561699291885219,0.0055102640047226658,0.034584255615977964,0.04639042550379513,0.018737173030214122,0.05582230477288247,0.0045237961668720492,14.2075050288702,27.082332203741529,94.733971236037348,645.46795490337945,0.14032683566138701,0.40713600744017953,0.47093684751217724,0.19391714398437038,0.5831028287693234,0.10326244571260687
11.982112612659572,16.905454013750422,80.165594211309951,453.57223380359613,0.10949538889849547,0.16529665463809895,0.1734991702740431,0.077728505224966035,0.26790124152815653,0.073508811750819858,0.35109847817673279,1.4000431877555035,2.393967014972739,28.561699236588858,0.005510264003524187,0.034584255641105732,0.046390425505228379,0.01873717302579276,0.055822304779470408,0.0045237961684726873,14.207505022141062,27.082332193632354,94.733971195677768,645.46795412945835,0.14032683563509205,0.40713600746988809,0.47093684721657558,0.19391714387761005,0.58310282868723839,0.10326244570882931
11.982112603485096,16.905453997354691,80.165594152085816,453.57223271682938,0.10949538887857654,0.16529665487504425,0.17349916989121184,0.077728505044687979,0.26790124152305622,0.073508811760955334,0.35109847659493915,1.4000431890631566,2.3939670092816829,28.561699043051597,0.0055102639993295103,0.034584255729052896,0.046390425510244748,0.018737173010317985,0.0558223048025282,0.0045237961740749177,14.207504998589076,27.082332158250239,94.733971054419214,645.46795142073449,0.14032683554305966,0.40713600757386798,0.47093684618196952,0.1939171435039489,0.5831028283999411,0.1032624456956078
11.982112577272309,16.905453950509735,80.165593982874029,453.57222961178149,0.10949538882166536,0.16529665555203082,0.17349916879740823,0.077728504529607792,0.26790124150848377,0.073508811789913822,0.35109847207552874,1.4000431927993087,2.3939669930215217,28.561698490087998,0.0055102639873447186,0.034584255980330533,0.046390425524577221,0.018737172966104346,0.055822304868407585,0.0045237961900812902,14.207504931297692,27.082332057158478,94.733970650823323,645.46794368152337,0.14032683528010997,0.40713600787095339,0.47093684322595231,0.19391714243634564,0.58310282757909171,0.10326244565783209
11.982112485527551,16.905453786552396,80.165593390632765,453.57221874411391,0.10949538862247621,0.16529665792148382,0.17349916496909554,0.077728502726827159,0.26790124145748029,0.073508811891268511,0.35109845625759228,1.4000432058758407,2.3939669361109592,28.5616965547154,0.0055102639453979496,0.034584256859802237,0.0463904255747409,0.01873717281135661,0.055822305098985447,0.0045237962461035959,14.207504695777848,27.082331703337317,94.733969238237719,645.46791659428436,0.14032683435978607,0.4071360089107523,0.47093683287989219,0.19391713869973429,0.58310282470611852,0.1032624455256171
11.982112223399676,16.905453318102861,80.165591698514859,453.57218769363521,0.10949538805336431,0.16529666469134952,0.17349915403105931,0.077728497576025374,0.26790124131175602,0.073508812180853325,0.35109841106348821,1.4000432432373608,2.3939667735093515,28.561691025079405,0.0055102638255500377,0.034584259372578557,0.046390425718065682,0.018737172369220224,0.055822305757779328,0.0045237964061673255,14.207504022864004,27.082330692419717,94.733965202278867,645.4678392021732,0.1403268317302892,0.4071360118816062,0.47093680331972038,0.19391712802370181,0.58310281649762419,0.10326244514785998
11.982111305952113,16.905451678529481,80.165585776102191,453.57207901695955,0.10949538606147273,0.16529668838587938,0.17349911574793245,0.077728479548219112,0.26790124080172106,0.073508813194400197,0.351098252884124,1.4000433740026812,2.3939662044037244,28.561671671353423,0.0055102634060823471,0.034584268167295651,0.046390426219702421,0.018737170821742869,0.055822308063557924,0.004523796966390381,14.207501667665552,27.082327154208109,94.733951076422869,645.46756832978394,0.1403268225270502,0.40713602227959511,0.4709366998591189,0.19391709065758822,0.5831027877678937,0.10326244382571007
11.982108684673362,16.905446994034108,80.165568854923137,453.57176851217196,0.1094953803703539,0.16529675608453614,0.17349900636757004,0.07772842804020122,0.2679012393444784,0.073508816090248397,0.35109780094308324,1.4000437476178824,2.3939645783876475,28.56161637499347,0.0055102622076032299,0.034584293295058785,0.046390427652950254,0.018737166400379,0.055822314651496785,0.0045237985670276816,14.207494938527118,27.082317045032092,94.733910716834316,645.46679440867194,0.14032679623208158,0.40713605198813468,0.47093640425740052,0.19391698389726356,0.58310270568294942,0.10326244004813886
11.982099510197727,16.90543059830031,80.165509630796436,453.57068174541553,0.10949536045143801,0.16529699302983492,0.17349862353630155,0.077728247762138603,0.26790123424412915,0.073508826225717125,0.35109621914944067,1.4000450552710864,2.3939588873313769,28.561422837733645,0.0055102580129263194,0.034584381242229754,0.046390432669317666,0.018737150925605458,0.055822337709282771,0.0045238041692582344,14.207471386542601,27.082281662916035,94.733769458274395,645.46408568477977,0.14032670419969143,0.40713615596802327,0.47093536965138605,0.19391661023612733,0.58310241838564436,0.10326242682663966
17.838780711779965,13.209949975296549,114.52757596470734,990.77101402226856,0.078355641544281637,0.062459755807919744,0.043981843070655342,0.041559541455534116,0.12199376288183647,0.052442394468022138,0.48146565524929419,1.0475991037281356,3.1560405177223734,50.713327040557246,0.0043638704110042148,0.0083815488887612304,0.01153613441836835,0.0074180761997235606,0.013048196919044013,0.0013158508590308889,19.791198735161082,18.376731896865909,126.92725764819045,1206.687554115168,0.098507455375981851,0.099887154988010762,0.10353480038153992,0.08295305704741078,0.17794866970070197,0.058693831685205831
17.838780714401242,13.209949979981044,114.52757598162852,990.77101433277335,0.078355641549972765,0.062459755740221092,0.043981843180035708,0.041559541507042136,0.12199376288329371,0.052442394465126288,0.48146565570123523,1.0475991033545204,3.1560405193483891,50.713327095853614,0.0043638704122026944,0.0083815488636334659,0.011536134416935101,0.0074180762041449249,0.013048196912456074,0.0013158508574302517,19.79119874189022,18.376731906975085,126.92725768855004,1206.6875548890891,0.098507455402276817,0.099887154958302221,0.10353480067714163,0.082953057154171103,0.17794866978278689,0.0586938316889834
17.838780723575717,13.209949996376778,114.52757604085264,990.77101541954016,0.078355641569891679,0.062459755503275795,0.043981843562866975,0.041559541687320192,0.12199376288839406,0.052442394454990819,0.48146565728302892,1.0475991020468673,3.1560405250394457,50.713327289390868,0.0043638704163973703,0.0083815487756862955,0.011536134411918735,0.0074180762196196974,0.013048196889398287,0.0013158508518280212,19.791198765442203,18.376731942357203,126.9272578298086,1206.6875575978129,0.098507455494309198,0.099887154854322341,0.10353480171174764,0.082953057527832247,0.17794867007008419,0.0586938317022049
17.838780749788505,13.209950043221731,114.52757621006442,990.77101852458804,0.078355641626802863,0.062459754826289217,0.043981844656670592,0.041559542202400379,0.12199376290296648,0.052442394426032338,0.48146566180243933,1.0475990983107153,3.1560405412996064,50.713327842354467,0.0043638704283821619,0.0083815485244086649,0.011536134397586259,0.0074180762638333363,0.013048196823518899,0.0013158508358216479,19.791198832733588,18.37673204344896,126.92725823340449,1206.6875653370241,0.098507455757258888,0.099887154557236929,0.10353480466776482,0.082953058595435489,0.17794867089093366,0.058693831739980606
17.838780841533261,13.20995020717907,114.5275768023057,990.77102939225551,0.078355641825992028,0.062459752456836229,0.04398184848498328,0.041559544005180998,0.12199376295396999,0.052442394324677649,0.48146567762037573,1.0475990852341832,3.1560405982101689,50.713329777727068,0.0043638704703289309,0.0083815476449369541,0.011536134347422584,0.0074180764185810717,0.013048196592941038,0.0013158507797993422,19.791199068253434,18.376732397270125,126.92725964599009,1206.6875924242631,0.098507456677582789,0.099887153517438043,0.103534815013825,0.082953062332046856,0.17794867376390672,0.058693831872195602
17.838781103661137,13.209950675628608,114.52757849442361,990.77106044273432,0.078355642395103897,0.062459745686970561,0.043981859423019527,0.04155954915598279,0.12199376309969424,0.052442394035092828,0.4814657228144798,1.0475990478726631,3.1560407608117766,50.71333530736306,0.0043638705901768429,0.0083815451321606407,0.011536134204097801,0.0074180768607174591,0.013048195934147154,0.0013158506197356126,19.791199741167276,18.376733408187725,126.92726368194894,1206.6876698163742,0.098507459307079659,0.099887150546584091,0.10353484457399684,0.082953073008079317,0.17794868197240113,0.058693832249952727
17.838782021108699,13.209952315201988,114.52758441683628,990.77116911940993,0.078355644386995493,0.062459721992440681,0.043981897706146376,0.041559567183789052,0.12199376360972917,0.052442393021545956,0.48146588099384408,1.0475989171073428,3.1560413299174037,50.713354661089042,0.0043638710096445335,0.0083815363374435438,0.011536133702461059,0.0074180784081948128,0.013048193628368555,0.0013158500595125571,19.791202096365726,18.37673694639933,126.92727780780493,1206.6879406887633,0.098507468510318663,0.099887140148595233,0.10353494803459826,0.082953110374192937,0.17794871070213164,0.058693833572102644
17.838784642387452,13.209956999697358,114.52760133801533,990.77147962419758,0.078355650078114319,0.062459654293783889,0.04398200708650879,0.041559618691806945,0.12199376506697182,0.052442390125697749,0.48146633293488483,1.0475985434921415,3.1560429559334811,50.713409957448995,0.0043638722081236515,0.0083815112096804097,0.011536132269213226,0.0074180828295586825,0.013048187040429702,0.0013158484588752565,19.79120882550416,18.376747055575347,126.92731816739348,1206.6887146098754,0.098507494805287282,0.099887110440055632,0.10353524363631669,0.082953217134517573,0.17794879278707593,0.058693837349673837
17.838793816863085,13.20997339543116,114.52766056214203,990.77256639095413,0.078355669997030211,0.062459417348485126,0.043982389917777254,0.041559798969869555,0.1219937701673211,0.052442379990229021,0.4814679147285274,1.0475972358389374,3.1560486469897513,50.713603494708828,0.0043638764028005612,0.0083814232625094368,0.01153612725284581,0.0074180983043322258,0.013048163982643716,0.0013158428566447046,19.791232377488679,18.376782437691404,126.92745942595342,1206.6914233337677,0.098507586837677436,0.099887006460167044,0.10353627824233111,0.082953590795653814,0.17794908008438096,0.058693850571173024
17.838780709158684,13.209949970612055,114.52757594778615,990.77101371176377,0.078355641538590523,0.062459755875618403,0.043981842961274983,0.041559541404026096,0.12199376288037922,0.052442394470917982,0.4814656547973532,1.0475991041017507,3.1560405160963572,50.713326985260892,0.0043638704098057359,0.0083815489138889948,0.0115361344198016,0.0074180761953021972,0.013048196925631951,0.001315850860631526,19.79119872843194,18.376731886756733,126.92725760783087,1206.6875533412467,0.098507455349686884,0.099887155017719303,0.10353480008593821,0.082953056940650458,0.17794866961861702,0.058693831681428263
17.838780706537406,13.209949965927558,114.52757593086497,990.7710134012591,0.078355641532899395,0.062459755943317055,0.043981842851894618,0.041559541352518083,0.12199376287892198,0.052442394473813832,0.48146565434541216,1.0475991044753661,3.156040514470341,50.713326929964531,0.0043638704086072563,0.0083815489390167593,0.011536134421234846,0.0074180761908808329,0.01304819693221989,0.0013158508622321636,19.791198721702802,18.376731876647558,126.92725756747127,1206.6875525673258,0.098507455323391904,0.099887155047427845,0.10353479979033647,0.082953056833890135,0.17794866953653207,0.058693831677650687
17.838780697362928,13.209949949531826,114.52757587164085,990.77101231449228,0.078355641512980495,0.062459756180262359,0.043981842469063351,0.041559541172240019,0.12199376287382163,0.052442394483949301,0.48146565276361852,1.0475991057830192,3.1560405087792849,50.71332673642727,0.0043638704044125795,0.0083815490269639296,0.011536134426251215,0.0074180761754060595,0.013048196955277676,0.0013158508678343941,19.791198698150819,18.376731841265439,126.92725742621272,1206.6875498586019,0.098507455231359523,0.099887155151407725,0.10353479875573046,0.082953056460228991,0.17794866924923475,0.058693831664429187
17.838780671150143,13.209949902686871,114.52757570242906,990.7710092094444,0.078355641456069297,0.06245975685724893,0.043981841375259727,0.041559540657159839,0.12199376285924921,0.052442394512907782,0.48146564824420812,1.0475991095191712,3.1560404925191241,50.713326183463671,0.0043638703924277888,0.0083815492782415603,0.011536134440583691,0.0074180761311924207,0.013048197021157063,0.0013158508838407674,19.791198630859434,18.376731740173682,126.92725702261683,1206.6875421193909,0.098507454968409833,0.099887155448493109,0.10353479579971328,0.082953055392625749,0.17794866842838533,0.058693831626653474
17.838780579405388,13.209949738729534,114.5275751101878,990.77099834177682,0.078355641256880146,0.062459759226701911,0.043981837546947039,0.041559538854379213,0.12199376280824573,0.052442394614262471,0.48146563242627166,1.0475991225957033,3.1560404356085612,50.71332424809107,0.0043638703504810198,0.008381550157713271,0.011536134490747366,0.0074180759764446852,0.013048197251734926,0.0013158509398630727,19.791198395339588,18.376731386352521,126.92725561003124,1206.6875150321519,0.098507454048085932,0.099887156488291995,0.10353478545365316,0.082953051656014382,0.17794866555541228,0.058693831494438478
17.838780317277511,13.209949270279996,114.52757341806989,990.77096729129812,0.078355640687768263,0.062459765996567593,0.043981826608910798,0.041559533703577421,0.12199376266252146,0.052442394903847292,0.48146558723216759,1.0475991599572234,3.1560402730069534,50.713318718455078,0.0043638702306331078,0.0083815526704895844,0.011536134634072149,0.0074180755343082987,0.01304819791052881,0.0013158510999268028,19.791197722425746,18.376730375434921,126.92725157407237,1206.6874376400406,0.098507451418589076,0.099887159459145974,0.1035347558934813,0.082953040979981921,0.17794865734691784,0.058693831116681361
17.838779399829946,13.209947630706615,114.52756749565722,990.77085861462251,0.078355638695876667,0.062459789691097466,0.043981788325783949,0.04155951567577116,0.12199376215248652,0.052442395917394163,0.48146542905280332,1.0475992907225438,3.1560397039013264,50.713299364729096,0.0043638698111654163,0.0083815614652066779,0.011536135135708891,0.0074180739868309441,0.013048200216307409,0.0013158516601498582,19.791195367227296,18.376726837223313,126.92723744821637,1206.6871667676514,0.098507442215350044,0.099887169857134833,0.10353465243287985,0.082953003613868301,0.17794862861718735,0.058693829794531444
17.838776778551196,13.209942946211244,114.52755057447816,990.77054810983486,0.078355633004757841,0.062459857389754257,0.043981678945421529,0.041559464167753274,0.12199376069524387,0.05244239881324237,0.48146497711176262,1.047599664337745,3.1560380778852495,50.713244068369143,0.0043638686126862992,0.0083815865929698155,0.011536136568956724,0.0074180695654670744,0.013048206804246261,0.0013158532607871584,19.791188638088862,18.376716728047299,126.92719708862782,1206.6863928465393,0.098507415920381453,0.099887199565674434,0.10353435683116147,0.082952896853543651,0.17794854653224304,0.058693826016960243
17.838767604075564,13.209926550477444,114.52749135035145,990.76946134307832,0.078355613085841949,0.062460094335053021,0.043981296114153065,0.041559283889690657,0.12199375559489459,0.052442408948711092,0.48146339531811999,1.0476009719909489,3.1560323868289792,50.713050531109317,0.0043638644180093887,0.0083816745401407849,0.01153614158532414,0.007418054090693532,0.013048229862032247,0.0013158588630177112,19.791165086104343,18.376681345931239,126.9270558300679,1206.6836841226473,0.098507323887991299,0.099887303545562994,0.10353332222514702,0.082952523192407424,0.17794825923493801,0.058693812795461056
16.337974293728923,15.767863977859225,104.94513601355968,824.2982625359291,0.094352446865976769,0.066139253989753774,0.056844586151767754,0.046376193284137689,0.17112111097892474,0.056528048036554972,0.21324724027903133,0.46518746103279751,1.1695559884930835,21.471074747640394,0.0074113622885350842,0.01166597573999895,0.024679236632448767,0.014374052009010825,0.013344560960996128,0.0025458116721816864,17.417484588086808,17.906450971334586,110.38468671794384,939.411744499718,0.13578093348938508,0.13566961433121996,0.19898236274840592,0.13724662983592767,0.23118915921578553,0.072354725426698532
16.3379742963502,15.767863982543721,104.94513603048085,824.29826284643389,0.094352446871667883,0.066139253922055108,0.056844586261148106,0.046376193335645702,0.17112111098038196,0.056528048033659122,0.21324724073097237,0.46518746065918237,1.1695559901190995,21.471074802936752,0.007411362289733563,0.011665975714871187,0.024679236631015518,0.014374052013432189,0.01334456095440819,0.0025458116705810493,17.417484594815946,17.906450981443761,110.38468675830342,939.4117452736391,0.13578093351568005,0.13566961430151142,0.19898236304400763,0.13724662994268799,0.23118915929787048,0.072354725430476108
16.337974305524675,15.767863998939454,104.94513608970497,824.29826393320059,0.094352446891586797,0.066139253685109811,0.056844586643979372,0.046376193515923765,0.17112111098548233,0.056528048023523653,0.21324724231276604,0.46518745935152928,1.1695559958101558,21.471074996474012,0.0074113622939282397,0.011665975626924016,0.024679236625999149,0.014374052028906962,0.013344560931350405,0.0025458116649788188,17.417484618367929,17.906451016825876,110.38468689956198,939.41174798236307,0.13578093360771243,0.13566961419753154,0.19898236407861364,0.13724663031634912,0.23118915958516778,0.072354725443697601
16.337974331737463,15.767864045784409,104.94513625891676,824.29826703824847,0.094352446948497995,0.066139253008123261,0.056844587737783003,0.046376194031003945,0.17112111100005475,0.056528047994565171,0.21324724683217644,0.46518745561537722,1.1695560120703166,21.471075549437611,0.0074113623059130313,0.011665975375646384,0.024679236611666672,0.014374052073120602,0.013344560865471016,0.0025458116489724455,17.417484685659314,17.906451117917637,110.38468730315788,939.41175572157408,0.13578093387066212,0.13566961390044613,0.19898236703463082,0.13724663138395238,0.23118916040601722,0.072354725481473314
16.337974423482219,15.767864209741747,104.94513685115804,824.29827790591617,0.094352447147687146,0.066139250638670266,0.056844591566095684,0.046376195833784571,0.17112111105105823,0.056528047893210483,0.21324726265011287,0.46518744253884514,1.1695560689808793,21.471077484810209,0.0074113623478598003,0.011665974496174673,0.024679236561502997,0.014374052227868337,0.013344560634893156,0.0025458115929501402,17.41748492117916,17.906451471738798,110.38468871574347,939.41178280881309,0.13578093479098602,0.13566961286064724,0.19898237738069097,0.13724663512056373,0.23118916327899028,0.072354725613688303
16.337974685610096,15.767864678191284,104.94513854327595,824.29830895639486,0.094352447716799029,0.066139243868804584,0.056844602504131932,0.046376200984586363,0.1711211111967825,0.056528047603625661,0.21324730784421694,0.46518740517732504,1.169556231582487,21.471083014446204,0.0074113624677077123,0.011665971983398362,0.024679236418178215,0.014374052670004724,0.01334455997609927,0.0025458114328864101,17.417485594093002,17.906452482656398,110.38469275170232,939.41186020092425,0.13578093742048289,0.13566960988979329,0.1989824069408628,0.13724664579659621,0.23118917148748472,0.072354725991445434
16.337975603057657,15.767866317764664,104.94514446568861,824.29841763307047,0.094352449708690625,0.066139220174274704,0.056844640787258774,0.046376219012392618,0.17112111170681743,0.05652804659007879,0.21324746602358119,0.46518727441200469,1.1695568006881141,21.471102368172186,0.0074113628871754029,0.011665963188681263,0.024679235916541472,0.014374054217482078,0.013344557670320672,0.0025458108726633547,17.417487949291456,17.906456020868003,110.38470687755832,939.4121310733135,0.13578094662372189,0.13566959949180443,0.19898251040146425,0.13724668316270983,0.2311892002172152,0.072354727313595352
16.33797822433641,15.767871002260035,104.94516138686767,824.29872813785801,0.094352455399809451,0.066139152475617913,0.056844750167621194,0.046376270520410511,0.17112111316406009,0.056528043694230583,0.21324791796462192,0.46518690079680347,1.1695584267041912,21.471157664532139,0.0074113640856545201,0.011665938060918129,0.024679234483293639,0.014374058638845947,0.01334455108238182,0.002545809272026054,17.41749467842989,17.90646613004402,110.38474723714687,939.41290499442562,0.13578097291869051,0.13566956978326483,0.19898280600318266,0.13724678992303446,0.23118928230215952,0.072354731091166538
16.337987398812043,15.767887397993835,104.94522061099437,824.29981490461455,0.094352475318725343,0.066138915530319156,0.056845132998889658,0.046376450798473128,0.17112111826440937,0.056528033558761862,0.21324949975826452,0.46518559314359942,1.1695641177604614,21.471351201791968,0.0074113682803314306,0.011665850113747158,0.024679229466926224,0.014374074113619489,0.013344528024595834,0.0025458036697955017,17.417518230414405,17.906501512160077,110.3848884957068,939.41561371831779,0.13578106495108067,0.13566946580337624,0.1989838406091971,0.13724716358417072,0.23118956959946454,0.072354744312665725
16.337974291107642,15.76786397317473,104.9451359966385,824.29826222542431,0.094352446860285655,0.066139254057452426,0.056844586042387388,0.046376193232629669,0.17112111097746749,0.056528048039450815,0.21324723982709029,0.46518746140641276,1.1695559868670673,21.471074692344033,0.0074113622873366045,0.011665975765126714,0.024679236633882013,0.014374052004589461,0.013344560967584067,0.0025458116737823236,17.41748458135767,17.90645096122541,110.38468667758424,939.4117437257969,0.13578093346309011,0.1356696143609285,0.19898236245280418,0.13724662972916735,0.23118915913370058,0.072354725422920957
16.337974288486365,15.767863968490236,104.94513597971732,824.29826191491952,0.094352446854594527,0.066139254125151092,0.056844585933007022,0.046376193181121649,0.17112111097601024,0.056528048042346665,0.21324723937514925,0.46518746178002801,1.1695559852410513,21.471074637047671,0.0074113622861381257,0.011665975790254475,0.024679236635315259,0.014374052000168098,0.013344560974172007,0.0025458116753829612,17.417484574628531,17.906450951116231,110.38468663722466,939.41174295187579,0.13578093343679515,0.13566961439063702,0.19898236215720247,0.13724662962240702,0.23118915905161563,0.072354725419143395
16.33797427931189,15.767863952094501,104.94513592049319,824.29826082815282,0.094352446834675613,0.066139254362096389,0.056844585550175755,0.046376193000843585,0.1711211109709099,0.056528048052482134,0.21324723779335564,0.46518746308768122,1.169555979549995,21.471074443510414,0.007411362281943449,0.011665975878201647,0.024679236640331628,0.014374051984693324,0.013344560997229794,0.0025458116809851917,17.417484551076544,17.906450915734116,110.38468649596609,939.41174024315194,0.13578093334476277,0.13566961449461692,0.19898236112259646,0.13724662924874589,0.23118915876431834,0.072354725405921888
16.337974253099102,15.767863905249548,104.9451357512814,824.29825772310494,0.094352446777764429,0.066139255039082953,0.056844584456372124,0.046376192485763405,0.17112111095633747,0.056528048081440616,0.21324723327394521,0.46518746682383316,1.1695559632898342,21.471073890546812,0.0074113622699586573,0.01166597612947928,0.024679236654664108,0.014374051940479686,0.013344561063109181,0.0025458116969915645,17.417484483785163,17.906450814642355,110.38468609237022,939.41173250394081,0.13578093308181308,0.13566961479170231,0.19898235816657928,0.13724662818114264,0.23118915794346889,0.072354725368146175
16.337974161354346,15.76786374129221,104.94513515904013,824.29824685543736,0.094352446578575264,0.066139257408535934,0.056844580628059443,0.046376190682982779,0.17112111090533397,0.056528048182795304,0.21324721745600878,0.46518747990036524,1.1695559063792715,21.471071955174214,0.0074113622280118883,0.011665977008950987,0.02467923670482778,0.014374051785731951,0.013344561293687041,0.0025458117530138703,17.417484248265318,17.906450460821198,110.38468467978461,939.41170541670181,0.13578093216148918,0.13566961583150119,0.1989823478205191,0.13724662444453128,0.23118915507049587,0.072354725235931186
16.337973899226469,15.767863272842671,104.94513346692223,824.29821580495855,0.094352446009463381,0.06613926417840163,0.056844569690023203,0.046376185532180994,0.1711211107596097,0.056528048472380125,0.2132471722619047,0.46518751726188545,1.1695557437776638,21.471066425538218,0.0074113621081639772,0.0116659795217273,0.024679236848152562,0.014374051343595564,0.013344561952480925,0.0025458119130776003,17.417483575351472,17.906449449903594,110.38468064382576,939.41162802459064,0.13578092953199231,0.13566961880235517,0.19898231826034729,0.13724661376849881,0.23118914686200143,0.072354724858174069
16.337972981778908,15.767861633269291,104.94512754450956,824.29810712828294,0.094352444017571799,0.066139287872931496,0.056844531406896354,0.046376167504374732,0.17112111024957477,0.056528049485926997,0.21324701408254046,0.4651876480272058,1.1695551746720367,21.471047071812237,0.0074113616886962858,0.011665988316444399,0.024679237349789305,0.014374049796118209,0.013344564258259525,0.0025458124733006553,17.417481220153022,17.906445911691989,110.38466651796976,939.41135715220139,0.1357809203287533,0.13566962920034403,0.19898221479974584,0.13724657640238519,0.23118911813227092,0.072354723536024151
16.337970360500154,15.767856948773922,104.94511062333049,824.29779662349529,0.094352438326452973,0.066139355571588287,0.05684442202653394,0.04637611599635684,0.17112110879233214,0.056528052381775204,0.21324656214149973,0.46518802164240691,1.1695535486559594,21.470991775452287,0.0074113604902171686,0.011666013444207533,0.024679238783037138,0.014374045374754339,0.013344570846198379,0.002545814073937956,17.417474491014588,17.906435802515972,110.38462615838121,939.41058323108939,0.13578089403378468,0.13566965890888361,0.19898191919802743,0.13724646964206055,0.23118903604732663,0.072354719758452951
16.337961186024522,15.76784055304012,104.94505139920381,824.29670985673886,0.094352418407537081,0.066139592516887058,0.056844039195265469,0.046375935718294223,0.17112110369198286,0.056528062517243925,0.21324498034785713,0.46518932929561096,1.1695478575996892,21.470798238192454,0.0074113562955402581,0.011666101391378506,0.024679243799404553,0.014374029899980796,0.013344593903984363,0.0025458196761685087,17.417450939030068,17.906400420399915,110.38448489982127,939.40787450719711,0.13578080200139453,0.13566976288877219,0.19898088459201299,0.1372460959809243,0.2311887487500216,0.072354706536953764
13.529969615475904,22.371429823529088,87.168016443208103,565.73461929678547,0.087606778955095471,0.075947721659581177,0.049177846665607962,0.034625401273045142,0.18092222023445556,0.057135843712082524,0.24069125855109522,1.3473030645201267,1.7597937146361275,21.043166428827018,0.0044732745728329488,0.01343684844489784,0.020928145641814118,0.011907417558543611,0.016309546210981424,0.0019315932644055653,15.252606819457158,31.974146092935964,99.615408503892326,710.60085453772388,0.11660094926323858,0.17064700014145684,0.23270737526822671,0.12982789597265132,0.28835164241193972,0.06922760092017799
13.529969618097182,22.371429828213582,87.16801646012928,565.73461960729026,0.087606778960786599,0.075947721591882525,0.049177846774988321,0.034625401324553162,0.18092222023591281,0.057135843709186673,0.24069125900303626,1.3473030641465114,1.7597937162621438,21.043166484123375,0.0044732745740314285,0.013436848419770078,0.020928145640380869,0.011907417562964973,0.016309546204393486,0.0019315932628049279,15.252606826186296,31.974146103045136,99.61540854425192,710.60085531164509,0.11660094928953355,0.17064700011174833,0.23270737556382842,0.12982789607941164,0.28835164249402467,0.069227600923955551
13.529969627271658,22.371429844609317,87.168016519353401,565.73462069405707,0.087606778980705513,0.075947721354937214,0.049177847157819594,0.034625401504831226,0.18092222024101315,0.057135843699051204,0.2406912605848299,1.3473030628388583,1.7597937219532001,21.043166677660636,0.0044732745782261052,0.013436848331822907,0.020928145635364506,0.011907417578439747,0.016309546181335701,0.0019315932572026974,15.252606849738282,31.974146138427255,99.615408685510474,710.60085802036883,0.11660094938156593,0.17064700000776845,0.23270737659843443,0.1298278964530728,0.28835164278132197,0.069227600937177058
13.529969653484446,22.37142989145427,87.168016688565189,565.73462379910495,0.087606779037616697,0.07594772067795065,0.049177848251623212,0.034625402019911405,0.18092222025558558,0.057135843670092723,0.2406912651042403,1.3473030591027062,1.7597937382133608,21.043167230624238,0.0044732745902108968,0.013436848080545277,0.020928145621032027,0.011907417622653385,0.016309546115456312,0.0019315932411963243,15.252606917029667,31.974146239519015,99.615409089106365,710.60086575958007,0.11660094964451562,0.17064699971068303,0.23270737955445162,0.12982789752067603,0.28835164360217141,0.069227600974952758
13.529969745229202,22.371430055411608,87.168017280806453,565.73463466677242,0.087606779236805862,0.075947718308497669,0.049177852079935899,0.034625403822692032,0.18092222030658908,0.057135843568738034,0.24069128092217673,1.3473030460261741,1.7597937951239235,21.043169165996837,0.0044732746321576658,0.013436847201073566,0.020928145570868351,0.011907417777401121,0.016309545884878453,0.0019315931851740188,15.25260715254951,31.974146593340176,99.615410501691954,710.60089284681897,0.11660095056483952,0.17064699867088412,0.23270738990051176,0.12982790125728738,0.2883516464751445,0.06922760110716776
13.529970007357077,22.371430523861143,87.168018972924358,565.73466571725123,0.087606779805917745,0.075947711538631987,0.04917786301797214,0.034625408973493824,0.18092222045231335,0.05713584327915322,0.2406913261162808,1.347303008664654,1.759793957725531,21.043174695632832,0.0044732747520055769,0.013436844688297252,0.020928145427543569,0.011907418219537509,0.016309545226084569,0.0019315930251102887,15.252607825463354,31.974147604257777,99.615414537650821,710.60097023893013,0.11660095319433639,0.17064699570003017,0.2327074194606836,0.12982791193331986,0.28835165468363894,0.069227601484924878
13.52997092480464,22.371432163434523,87.168024895337041,565.73477439392684,0.087606781797809327,0.075947687844102107,0.049177901301098982,0.034625427001300085,0.18092222096234828,0.057135842265606342,0.24069148429564508,1.3473028778993337,1.7597945268311581,21.043194049358814,0.0044732751714732684,0.013436835893580155,0.020928144925906826,0.011907419767014862,0.016309542920305967,0.0019315924648872335,15.252610180661806,31.974151142469381,99.615428663506805,710.60124111131938,0.11660096239757539,0.17064698530204131,0.23270752292128505,0.12982794929943348,0.28835168341336942,0.069227602807074795
13.529973546083392,22.371436847929896,87.168041816516094,565.73508489871438,0.087606787488928153,0.075947620145445316,0.049178010681461409,0.034625478509317971,0.18092222241959094,0.057135839369758135,0.24069193623668581,1.3473025042841325,1.7597961528472352,21.043249345718763,0.0044732763699523847,0.01343681076581702,0.020928143492658993,0.011907424188378733,0.016309536332367116,0.0019315908642499329,15.25261690980024,31.974161251645398,99.615469023095358,710.60201503243138,0.11660098869254401,0.17064695559350174,0.23270781852300346,0.12982805605975811,0.28835176549831371,0.069227606584645995
13.529982720559026,22.371453243663694,87.168101040642796,565.73617166547092,0.087606807407844045,0.075947383200146559,0.049178393512729873,0.034625658787380588,0.18092222751994022,0.057135829234289413,0.24069351803032837,1.3473011966309285,1.7598018439035057,21.043442882978596,0.0044732805646292961,0.013436722818646048,0.020928138476291578,0.011907439663152275,0.01630951327458113,0.0019315852620193804,15.252640461784758,31.974196633761455,99.615610281655293,710.60472375632366,0.11660108072493416,0.17064685161361315,0.2327088531290179,0.12982842972089437,0.28835205279561876,0.069227619806145183
13.529969612854625,22.371429818844589,87.168016426286911,565.73461898628068,0.087606778949404357,0.075947721727279843,0.049177846556227596,0.034625401221537129,0.18092222023299834,0.057135843714978374,0.24069125809915418,1.3473030648937419,1.7597937130101116,21.043166373530656,0.00447327457163447,0.013436848470025605,0.020928145643247367,0.011907417554122246,0.016309546217569366,0.0019315932660062026,15.25260681272802,31.974146082826785,99.615408463532731,710.60085376380277,0.1166009492369436,0.17064700017116541,0.232707374972625,0.129827895865891,0.28835164232985477,0.069227600916400414
13.529969610233346,22.371429814160095,87.168016409365734,565.73461867577589,0.087606778943713243,0.075947721794978496,0.04917784644684723,0.034625401170029109,0.18092222023154109,0.057135843717874224,0.24069125764721314,1.347303065267357,1.7597937113840953,21.043166318234299,0.0044732745704359912,0.013436848495153369,0.020928145644680617,0.011907417549700882,0.016309546224157305,0.0019315932676068398,15.252606805998882,31.974146072717609,99.61540842317315,710.60085298988167,0.11660094921064863,0.17064700020087392,0.23270737467702327,0.12982789575913067,0.28835164224776988,0.069227600912622839
13.52996960105887,22.37142979776436,87.168016350141613,565.73461758900919,0.087606778923794315,0.075947722031923792,0.049177846064015963,0.034625400989751046,0.18092222022644072,0.057135843728009686,0.24069125606541947,1.3473030665750101,1.7597937056930391,21.043166124697038,0.0044732745662413136,0.013436848583100538,0.020928145649696982,0.01190741753422611,0.01630954624721509,0.0019315932732090703,15.252606782446897,31.974146037335494,99.615408281914597,710.60085028115782,0.11660094911861625,0.1706470003048538,0.23270737364241725,0.12982789538546954,0.28835164196047253,0.069227600899401345
13.529969574846083,22.371429750919408,87.168016180929826,565.73461448396131,0.087606778866883131,0.075947722708910356,0.049177844970212339,0.034625400474670873,0.1809222202118683,0.057135843756968174,0.24069125154600907,1.3473030703111621,1.7597936894328783,21.043165571733439,0.0044732745542565228,0.01343684883437817,0.020928145664029459,0.01190741749001247,0.016309546313094479,0.0019315932892154432,15.252606715155512,31.974145936243733,99.615407878318706,710.60084254194669,0.11660094885566656,0.17064700060193921,0.23270737068640007,0.12982789431786629,0.28835164113962308,0.069227600861625632
13.529969483101327,22.371429586962069,87.168015588688547,565.73460361629373,0.08760677866769398,0.075947725078363351,0.049177841141899659,0.03462539867189024,0.18092222016086482,0.057135843858322856,0.24069123572807263,1.3473030833876942,1.7597936325223158,21.043163636360841,0.0044732745123097538,0.013436849713849881,0.020928145714193134,0.011907417335264734,0.016309546543672337,0.0019315933452377487,15.252606479635668,31.974145582422572,99.615406465733102,710.6008154547078,0.11660094793534266,0.1706470016417381,0.23270736034033992,0.12982789058125493,0.28835163826665006,0.069227600729410643
13.529969220973452,22.371429118512534,87.168013896570642,565.73457256581491,0.087606778098582097,0.075947731848229019,0.049177830203863418,0.034625393521088454,0.18092222001514055,0.057135844147907677,0.24069119053396859,1.3473031207492143,1.7597934699207081,21.043158106724846,0.0044732743924618418,0.013436852226626193,0.02092814585751792,0.011907416893128348,0.016309547202466225,0.0019315935053014789,15.252605806721824,31.974144571504972,99.61540242977425,710.60073806259652,0.11660094530584579,0.17064700461259208,0.23270733078016809,0.12982787990522246,0.28835163005815562,0.069227600351653512
13.529968303525887,22.371427478939154,87.168007974157973,565.73446388913931,0.087606776106690501,0.075947755542758899,0.049177791920736569,0.034625375493282193,0.18092221950510562,0.057135845161454549,0.24069103235460432,1.3473032515145347,1.759792900815081,21.043138752998864,0.0044732739729941504,0.01343686102134329,0.020928146359154659,0.011907415345650993,0.016309549508244821,0.0019315940655245342,15.252603451523372,31.974141033293364,99.615388303918252,710.60046719020738,0.11660093610260679,0.17064701501058091,0.23270722731956664,0.12982784253910884,0.28835160132842513,0.069227599029503595
13.529965682247136,22.371422794443781,87.16799105297892,565.73415338435177,0.087606770415571675,0.075947823241415691,0.049177682540374149,0.0346253239852643,0.18092221804786296,0.057135848057302756,0.24069058041356359,1.3473036251297359,1.7597912747990037,21.043083456638911,0.0044732727745150341,0.013436886149106425,0.020928147792402492,0.011907410924287124,0.016309556096183675,0.0019315956661618348,15.252596722384938,31.97413092411735,99.615347944329699,710.59969326909527,0.11660090980763817,0.17064704471912051,0.23270693171784823,0.1298277357787842,0.28835151924348085,0.069227595251932394
13.529956507771503,22.371406398709983,87.167931828852218,565.73306661759523,0.087606750496655783,0.075948060186714461,0.049177299709105678,0.034625143707201683,0.18092221294751368,0.057135858192771484,0.24068899861992099,1.3473049327829401,1.7597855837427334,21.042889919379082,0.0044732685798381227,0.013436974096277397,0.020928152808769904,0.011907395449513582,0.016309579153969661,0.0019316012683923871,15.252573170400421,31.974095542001294,99.615206685769778,710.59698454520299,0.11660081777524801,0.1706471486990091,0.23270589711183379,0.12982736211764795,0.28835123194617579,0.069227582030433207
11.76001223007872,16.50853773260539,78.7318663641352,427.26323020998655,0.10901318162936896,0.17103274720759512,0.16423139578817031,0.073364241992862192,0.26777776967297717,0.073754176343975242,0.31280561139685259,1.4316995230630352,2.2561950239060704,23.876450599790999,0.0054087171267435839,0.036713325584896928,0.046511864284569888,0.01836255181998632,0.056380499415747867,0.0046594178212839748,13.637346575893861,26.2257838929598,91.314311973777137,579.89378544150645,0.13809886862313808,0.40965320561386731,0.44589057745418192,0.18487136462697762,0.57614778908437247,0.10294237291712952
11.760012232699999,16.508537737289885,78.731866381056378,427.26323052049133,0.10901318163506009,0.17103274713989647,0.16423139589755065,0.073364242044370212,0.2677777696744344,0.073754176341079392,0.31280561184879363,1.4316995226894198,2.2561950255320866,23.876450655087361,0.0054087171279420627,0.036713325559769167,0.046511864283136639,0.018362551824407682,0.056380499409159929,0.0046594178196833376,13.637346582623,26.225783903068976,91.314312014136732,579.89378621542755,0.13809886864943305,0.40965320558415874,0.44589057774978358,0.18487136473373794,0.57614778916645737,0.10294237292090708
11.760012241874474,16.508537753685619,78.731866440280498,427.26323160725815,0.109013181654979,0.17103274690295117,0.16423139628038191,0.073364242224648268,0.26777776967953471,0.07375417633094393,0.31280561343058727,1.4316995213817667,2.2561950312231427,23.876450848624621,0.0054087171321367394,0.036713325471821996,0.04651186427812027,0.018362551839882457,0.056380499386102151,0.0046594178140811071,13.637346606174985,26.225783938451091,91.314312155395285,579.89378892415141,0.13809886874146543,0.40965320548017886,0.44589057878438965,0.18487136510739904,0.57614778945375467,0.10294237293412857
11.760012268087262,16.508537800530572,78.7318666094923,427.26323471230603,0.10901318171189019,0.17103274622596459,0.16423139737418554,0.073364242739728455,0.26777776969410716,0.073754176301985441,0.31280561794999767,1.4316995176456146,2.2561950474833035,23.87645140158822,0.0054087171441215311,0.036713325220544366,0.046511864263787797,0.018362551884096093,0.056380499320222752,0.0046594177980747338,13.637346673466368,26.225784039542852,91.314312558991176,579.89379666336254,0.13809886900441512,0.40965320518309345,0.4458905817404068,0.1848713661750023,0.57614779027460417,0.10294237297190428
11.760012359832018,16.50853796448791,78.731867201733564,427.26324557997356,0.10901318191107935,0.17103274385651163,0.16423140120249824,0.073364244542509074,0.26777776974511069,0.073754176200630767,0.31280563376793413,1.4316995045690826,2.2561951043938659,23.876453336960822,0.0054087171860683,0.036713324341072655,0.046511864213624118,0.018362552038843828,0.056380499089644903,0.0046594177420524281,13.637346908986213,26.225784393364012,91.31431397157678,579.89382375060154,0.13809886992473902,0.40965320414329459,0.44589059208646697,0.18487136991161368,0.57614779314757714,0.10294237310411927
11.760012621959893,16.508538432937446,78.73186889385147,427.26327663045231,0.10901318248019123,0.17103273708664593,0.16423141214053449,0.073364249693310873,0.2677777698908349,0.073754175911045938,0.3128056789620382,1.4316994672075625,2.2561952669954737,23.876458866596813,0.005408717305916212,0.036713321828296341,0.046511864070299336,0.018362552480980218,0.056380498430851009,0.0046594175819886985,13.637347581900057,26.225785404281613,91.314318007535633,579.89390114271259,0.13809887255423589,0.40965320117244064,0.44589062164663884,0.18487138058764613,0.57614780135607158,0.1029423734818764
11.760013539407456,16.508540072510826,78.731874816264138,427.26338530712792,0.10901318447208282,0.17103271339211606,0.16423145042366133,0.073364267721117121,0.26777777040086986,0.073754174897499067,0.31280583714140242,1.4316993364422421,2.2561958361011012,23.876478220322795,0.0054087177253839026,0.036713313033579241,0.046511863568662597,0.018362554028457573,0.056380496125072413,0.004659417021765643,13.637349937098509,26.225788942493217,91.314332133391616,579.89417201510196,0.1380988817574749,0.40965319077445178,0.44589072510724026,0.18487141795375978,0.57614783008580206,0.10294237480402632
11.760016160686209,16.508544757006199,78.731891737443192,427.26369581191557,0.10901319016320164,0.17103264569345927,0.16423155980402374,0.073364319229135014,0.26777777185811252,0.073754172001650853,0.31280628908244318,1.4316989628270409,2.2561974621171781,23.876533516682748,0.0054087189238630198,0.036713287905816107,0.046511862135414764,0.018362558449821442,0.056380489537133566,0.0046594154211283424,13.637356666236943,26.225799051669235,91.314372492980169,579.89494593621396,0.13809890805244351,0.40965316106591215,0.4458910207089587,0.18487152471408438,0.57614791217074646,0.10294237858159752
11.760025335161842,16.508561152739997,78.731950961569893,427.264782578672,0.10901321008211753,0.1710324087481605,0.1642319426352922,0.073364499507197645,0.26777777695846178,0.073754161866182139,0.31280787087608575,1.4316976551738367,2.2562031531734483,23.876727053942577,0.0054087231185399303,0.036713199958645137,0.046511857119047345,0.018362573924594984,0.05638046647934758,0.0046594098188977896,13.637380218221461,26.225834433785291,91.314513751540105,579.89765466010613,0.13809900008483367,0.40965305708602362,0.44589205531497311,0.18487189837522061,0.57614819946805151,0.10294239180309671
11.760012227457441,16.508537727920892,78.731866347214023,427.26322989948181,0.10901318162367785,0.17103274727529377,0.16423139567878992,0.073364241941354172,0.26777776967151989,0.073754176346871092,0.31280561094491155,1.4316995234366503,2.2561950222800542,23.876450544494642,0.0054087171255451042,0.036713325610024689,0.046511864286003138,0.018362551815564954,0.056380499422335806,0.0046594178228846119,13.637346569164723,26.225783882850624,91.314311933417557,579.89378466758535,0.13809886859684312,0.40965320564357582,0.44589057715858016,0.18487136452021727,0.57614778900228747,0.10294237291335194
11.760012224836162,16.508537723236397,78.731866330292846,427.26322958897697,0.10901318161798673,0.17103274734299245,0.16423139556940958,0.073364241889846166,0.26777776967006267,0.073754176349766942,0.31280561049297051,1.4316995238102654,2.2561950206540384,23.87645048919828,0.0054087171243466254,0.036713325635152456,0.04651186428743638,0.018362551811143591,0.056380499428923744,0.0046594178244852491,13.637346562435585,26.225783872741449,91.314311893057962,579.89378389366425,0.13809886857054815,0.40965320567328439,0.44589057686297845,0.18487136441345695,0.57614778892020257,0.10294237290957436
11.760012215661687,16.508537706840663,78.731866271068711,427.26322850221027,0.10901318159806782,0.17103274757993775,0.16423139518657831,0.073364241709568095,0.26777776966496231,0.073754176359902404,0.31280560891117687,1.4316995251179185,2.2561950149629819,23.876450295661023,0.0054087171201519487,0.036713325723099627,0.04651186429245275,0.018362551795668817,0.056380499451981536,0.0046594178300874796,13.6373465388836,26.22578383735933,91.314311751799409,579.89378118494028,0.13809886847851577,0.40965320577726427,0.44589057582837244,0.18487136403979582,0.57614778863290528,0.10294237289635287
11.760012189448899,16.50853765999571,78.731866101856923,427.26322539716239,0.10901318154115662,0.1710327482569243,0.16423139409277465,0.073364241194487922,0.26777776965038991,0.073754176388860893,0.31280560439176647,1.4316995288540706,2.2561949987028211,23.876449742697424,0.0054087171081671579,0.036713325974377257,0.046511864306785229,0.018362551751455181,0.056380499517860921,0.0046594178460938529,13.637346471592217,26.225783736267569,91.314311348203518,579.89377344572915,0.13809886821556608,0.40965320607434963,0.44589057287235523,0.18487136297219256,0.57614778781205578,0.10294237285857716
11.760012097704143,16.508537496038372,78.731865509615659,427.2632145294948,0.10901318134196747,0.17103275062637729,0.16423139026446198,0.073364239391707289,0.26777776959938637,0.073754176490215581,0.31280558857383006,1.4316995419306027,2.2561949417922582,23.876447807324823,0.0054087170662203881,0.036713326853848968,0.046511864356948901,0.018362551596707442,0.056380499748438784,0.0046594179021161586,13.637346236072371,26.225783382446409,91.314309935617914,579.89374635849026,0.13809886729524218,0.40965320711414854,0.44589056252629511,0.18487135923558118,0.57614778493908281,0.10294237272636217
11.760011835576268,16.508537027588837,78.731863817497754,427.26318347901611,0.10901318077285559,0.17103275739624296,0.16423137932642573,0.073364234240905504,0.26777776945366216,0.073754176779800396,0.31280554337972599,1.4316995792921228,2.2561947791906509,23.876442277688831,0.0054087169463724761,0.036713329366625282,0.046511864500273684,0.018362551154571055,0.056380500407232664,0.0046594180621798882,13.637345563158526,26.225782371528808,91.314305899659061,579.89366896637898,0.13809886466574531,0.40965321008500249,0.44589053296612324,0.18487134855954873,0.57614777673058826,0.10294237234860504
11.760010918128705,16.508535388015456,78.731857895085085,427.26307480234038,0.10901317878096399,0.17103278109077286,0.1642313410432989,0.073364216213099243,0.2677777689436272,0.073754177793347267,0.31280538520036172,1.4316997100574431,2.2561942100850239,23.876422923962846,0.0054087165269047855,0.036713338161342375,0.04651186500191043,0.018362549607093701,0.05638050271301126,0.0046594186224029437,13.637343207960075,26.225778833317204,91.314291773803077,579.89339809398984,0.1380988554625063,0.40965322048299135,0.44589042950552182,0.18487131119343511,0.57614774800085788,0.10294237102645512
11.760008296849952,16.508530703520083,78.731840973906031,427.26276429755285,0.10901317308984516,0.17103284878942965,0.16423123166293646,0.07336416470508135,0.26777776748638454,0.073754180689195481,0.31280493325932096,1.4317000836726443,2.2561925840689465,23.876367627602892,0.0054087153284256683,0.036713363289105509,0.046511866435158256,0.018362545185729832,0.056380509300950121,0.0046594202230402443,13.637336478821641,26.225768724141187,91.314251414214525,579.89262417287773,0.13809882916753768,0.40965325019153098,0.44589013390380339,0.18487120443311045,0.57614766591591349,0.10294236724888392
11.759999122374319,16.508514307786285,78.73178174977933,427.26167753079631,0.10901315317092927,0.17103308573472842,0.164230848831668,0.073363984427018733,0.26777776238603523,0.073754190824664195,0.31280335146567839,1.4317013913258485,2.2561868930126763,23.876174090343063,0.0054087111337487578,0.036713451236276486,0.046511871451525674,0.018362529710956289,0.056380532358736107,0.0046594258252707962,13.637312926837124,26.22573334202513,91.314110155654589,579.88991544898545,0.13809873713514753,0.40965335417141957,0.44588909929778897,0.18487083077197425,0.57614737861860854,0.10294235402738473
