row_index,split
81,train
289,train
546,train
443,train
333,train
169,train
469,train
538,train
560,train
125,train
22,train
34,train
293,train
371,train
285,train
529,train
211,train
299,train
57,train
390,train
270,train
138,train
106,train
477,train
263,train
393,train
123,train
449,train
26,train
364,train
326,train
278,train
112,train
144,train
282,train
156,train
154,train
117,train
229,train
243,train
107,train
82,train
218,train
395,train
89,train
400,train
480,train
220,train
17,train
32,train
213,train
294,train
114,train
357,train
512,train
88,train
48,train
149,train
25,train
304,train
489,train
86,train
309,train
122,train
427,train
163,train
202,train
182,train
214,train
521,train
380,train
318,train
173,train
330,train
93,train
178,train
398,train
319,train
320,train
58,train
273,train
47,train
378,train
436,train
524,train
534,train
447,train
303,train
15,train
251,train
466,train
53,train
239,train
103,train
287,train
424,train
565,train
347,train
454,train
110,train
388,train
556,train
391,train
94,train
161,train
36,train
457,train
389,train
230,train
286,train
532,train
365,train
250,train
394,train
31,train
351,train
262,train
332,train
0,train
539,train
460,train
165,train
52,train
100,train
403,train
159,train
260,train
412,train
176,train
396,train
277,train
135,train
276,train
472,train
45,train
98,train
405,train
432,train
311,train
10,train
39,train
13,train
186,train
522,train
226,train
482,train
68,train
56,train
543,train
142,train
19,train
87,train
35,train
241,train
29,train
240,train
69,train
197,train
547,train
409,train
475,train
484,train
493,train
145,train
234,train
141,train
147,train
438,train
463,train
441,train
324,train
557,train
164,train
499,train
402,train
313,train
92,train
531,train
157,train
268,train
272,train
244,train
115,train
348,train
101,train
453,train
335,train
185,train
160,train
9,train
174,train
446,train
366,train
346,train
414,train
425,train
459,train
418,train
413,train
16,train
456,train
44,train
458,train
80,train
331,train
470,train
253,train
520,train
386,train
38,train
450,train
473,train
384,train
105,train
355,train
79,train
238,train
222,train
555,train
476,train
440,train
225,train
75,train
315,train
554,train
265,train
46,train
27,train
78,train
420,train
312,train
503,train
11,train
189,train
232,train
91,train
134,train
30,train
372,train
377,train
373,train
368,train
360,train
264,train
505,train
558,train
4,train
40,train
369,train
132,train
497,train
356,train
536,train
300,train
317,train
5,train
297,train
196,train
352,train
421,train
187,train
183,train
382,train
426,train
209,train
6,train
337,train
191,train
550,train
490,train
96,train
133,train
60,train
530,train
74,train
279,train
323,train
274,train
338,train
437,train
325,train
54,train
362,train
153,train
322,train
545,train
172,train
376,train
485,train
84,train
63,train
188,train
517,train
430,train
8,train
18,train
479,train
455,train
525,train
502,train
498,train
383,train
179,train
381,train
387,train
139,train
255,train
175,train
329,train
367,train
2,train
192,train
429,train
510,train
511,train
514,train
334,train
419,train
448,train
3,train
136,train
374,train
97,train
124,train
410,train
33,train
492,train
379,train
108,train
404,train
252,train
62,train
181,train
162,train
61,train
219,train
130,train
208,train
116,train
533,train
548,train
500,calibration
170,calibration
254,calibration
210,calibration
215,calibration
65,calibration
201,calibration
224,calibration
401,calibration
258,calibration
233,calibration
151,calibration
43,calibration
129,calibration
552,calibration
126,calibration
111,calibration
559,calibration
281,calibration
152,calibration
120,calibration
442,calibration
190,calibration
509,calibration
76,calibration
290,calibration
508,calibration
146,calibration
515,calibration
544,calibration
212,calibration
171,calibration
166,calibration
280,calibration
66,calibration
301,calibration
227,calibration
305,calibration
49,calibration
155,calibration
465,calibration
407,calibration
137,calibration
236,calibration
474,calibration
143,calibration
118,calibration
249,calibration
566,calibration
37,calibration
342,calibration
370,calibration
184,calibration
435,calibration
67,calibration
259,calibration
99,calibration
563,calibration
71,calibration
50,calibration
109,calibration
21,calibration
487,calibration
177,calibration
350,calibration
148,calibration
248,calibration
271,calibration
216,calibration
7,calibration
306,calibration
12,calibration
471,calibration
422,calibration
392,calibration
494,calibration
478,calibration
336,calibration
221,calibration
561,calibration
339,calibration
506,calibration
451,calibration
59,calibration
55,calibration
416,calibration
28,calibration
245,calibration
207,calibration
349,calibration
491,calibration
113,calibration
341,calibration
551,calibration
345,calibration
397,calibration
193,calibration
195,calibration
42,calibration
119,calibration
486,calibration
562,calibration
513,calibration
90,calibration
72,calibration
131,calibration
314,calibration
327,calibration
283,calibration
302,calibration
444,calibration
481,calibration
411,calibration
462,calibration
256,locked_test
428,locked_test
501,locked_test
363,locked_test
564,locked_test
464,locked_test
358,locked_test
343,locked_test
516,locked_test
567,locked_test
292,locked_test
199,locked_test
527,locked_test
121,locked_test
353,locked_test
495,locked_test
541,locked_test
537,locked_test
308,locked_test
242,locked_test
223,locked_test
261,locked_test
467,locked_test
288,locked_test
549,locked_test
406,locked_test
23,locked_test
415,locked_test
266,locked_test
359,locked_test
247,locked_test
354,locked_test
452,locked_test
528,locked_test
85,locked_test
41,locked_test
310,locked_test
275,locked_test
526,locked_test
433,locked_test
217,locked_test
158,locked_test
267,locked_test
417,locked_test
64,locked_test
340,locked_test
307,locked_test
206,locked_test
375,locked_test
408,locked_test
284,locked_test
542,locked_test
507,locked_test
73,locked_test
150,locked_test
431,locked_test
316,locked_test
167,locked_test
168,locked_test
445,locked_test
399,locked_test
553,locked_test
295,locked_test
235,locked_test
77,locked_test
385,locked_test
291,locked_test
20,locked_test
518,locked_test
496,locked_test
231,locked_test
361,locked_test
140,locked_test
468,locked_test
328,locked_test
237,locked_test
194,locked_test
439,locked_test
269,locked_test
434,locked_test
204,locked_test
104,locked_test
70,locked_test
540,locked_test
205,locked_test
51,locked_test
483,locked_test
568,locked_test
200,locked_test
523,locked_test
423,locked_test
519,locked_test
535,locked_test
321,locked_test
83,locked_test
296,locked_test
1,locked_test
344,locked_test
203,locked_test
298,locked_test
127,locked_test
24,locked_test
14,locked_test
102,locked_test
180,locked_test
461,locked_test
246,locked_test
198,locked_test
504,locked_test
95,locked_test
128,locked_test
257,locked_test
228,locked_test
488,locked_test
