y_true,z_plain,z_transformed,class_plain,class_transformed,action_plain,action_transformed,operational_margin,transformation_error,error_to_margin_ratio,classification_disagreement,operational_action_disagreement,near_operational_boundary,transformation_type,configuration_id,sample_id,z_plain_float32_export,float32_export_error_vs_float64,he_error_vs_float32_export
1,2.8332824615872276,2.8332815170288086,1,1,ACTION_1,ACTION_1,1.9859846012000242,9.445584190359568e-07,4.756121565420048e-07,False,False,False,HEIR_REAL_HE_PILOT_CALIBRATION,ckks_reduced_f50_s40,500,2.833284378051758,1.916464530182793e-06,2.86102294921875e-06
1,5.685447193746231,5.685445785522461,1,1,ACTION_1,ACTION_1,4.838149333359028,1.408223770482664e-06,2.910666193730244e-07,False,False,False,HEIR_REAL_HE_PILOT_CALIBRATION,ckks_reduced_f50_s40,170,5.685445785522461,1.408223770482664e-06,0.0
0,-12.954214692234583,-12.954216003417969,0,0,ACTION_0,ACTION_0,12.106916831847379,1.3111833858658883e-06,1.0830035458877572e-07,False,False,False,HEIR_REAL_HE_PILOT_CALIBRATION,ckks_reduced_f50_s40,254,-12.954216003417969,1.3111833858658883e-06,0.0
0,-13.602830700444716,-13.60283088684082,0,0,ACTION_0,ACTION_0,12.755532840057512,1.863961038850448e-07,1.4612960996790815e-08,False,False,False,HEIR_REAL_HE_PILOT_CALIBRATION,ckks_reduced_f50_s40,210,-13.602828979492188,1.7209525289274552e-06,1.9073486328125e-06
0,0.4754401414300311,0.47543859481811523,1,1,REVIEW,REVIEW,0.37185771895717235,1.546611915870244e-06,4.159149688239686e-06,False,False,True,HEIR_REAL_HE_PILOT_CALIBRATION,ckks_reduced_f50_s40,215,0.4754371643066406,2.977123390479619e-06,1.430511474609375e-06
0,-4.962623475134766,-4.962624549865723,0,0,ACTION_0,ACTION_0,4.1153256147475625,1.074730956673875e-06,2.6115332230881076e-07,False,False,False,HEIR_REAL_HE_PILOT_CALIBRATION,ckks_reduced_f50_s40,65,-4.962623596191406,1.2105664026762497e-07,9.5367431640625e-07
0,-5.686292471547457,-5.686293125152588,0,0,ACTION_0,ACTION_0,4.8389946111602535,6.536051309069535e-07,1.350704399214525e-07,False,False,False,HEIR_REAL_HE_PILOT_CALIBRATION,ckks_reduced_f50_s40,201,-5.686290740966797,1.7305806601086715e-06,2.384185791015625e-06
1,3.100483483435312,3.10048246383667,1,1,ACTION_1,ACTION_1,2.2531856230481084,1.0195986419603287e-06,4.525142675910634e-07,False,False,False,HEIR_REAL_HE_PILOT_CALIBRATION,ckks_reduced_f50_s40,224,3.1004810333251953,2.4501101165697037e-06,1.430511474609375e-06
1,6.479704597615388,6.479703903198242,1,1,ACTION_1,ACTION_1,5.632406737228185,6.944171460077087e-07,1.2328959508869642e-07,False,False,False,HEIR_REAL_HE_PILOT_CALIBRATION,ckks_reduced_f50_s40,401,6.479703903198242,6.944171460077087e-07,0.0
0,-15.205132179141163,-15.205133438110352,0,0,ACTION_0,ACTION_0,14.357834318753959,1.2589691884556942e-06,8.768517316091675e-08,False,False,False,HEIR_REAL_HE_PILOT_CALIBRATION,ckks_reduced_f50_s40,258,-15.205127716064453,4.463076709981806e-06,5.7220458984375e-06
0,-12.928766935939262,-12.928767204284668,0,0,ACTION_0,ACTION_0,12.081469075552057,2.683454063401314e-07,2.221132253553109e-08,False,False,False,HEIR_REAL_HE_PILOT_CALIBRATION,ckks_reduced_f50_s40,233,-12.928768157958984,1.2220197227463814e-06,9.5367431640625e-07
1,8.909057859891398,8.909056663513184,1,1,ACTION_1,ACTION_1,8.061759999504194,1.1963782142743185e-06,1.4840161631553123e-07,False,False,False,HEIR_REAL_HE_PILOT_CALIBRATION,ckks_reduced_f50_s40,151,8.909055709838867,2.1500525306805685e-06,9.5367431640625e-07
0,-2.443560563865283,-2.4435625076293945,0,0,ACTION_0,ACTION_0,1.5962627034780796,1.9437641114450344e-06,1.2176968785963537e-06,False,False,False,HEIR_REAL_HE_PILOT_CALIBRATION,ckks_reduced_f50_s40,43,-2.443563461303711,2.8974384278512844e-06,9.5367431640625e-07
0,-11.933831774861407,-11.933833122253418,0,0,ACTION_0,ACTION_0,11.086533914474202,1.3473920112971882e-06,1.2153410810732098e-07,False,False,False,HEIR_REAL_HE_PILOT_CALIBRATION,ckks_reduced_f50_s40,129,-11.933830261230469,1.5136309379215618e-06,2.86102294921875e-06
1,2.1311686486357644,2.1311683654785156,1,1,ACTION_1,ACTION_1,1.283870788248561,2.831572487593803e-07,2.2054964670211055e-07,False,False,True,HEIR_REAL_HE_PILOT_CALIBRATION,ckks_reduced_f50_s40,552,2.131166458129883,2.1905058815718803e-06,1.9073486328125e-06
0,-2.9705950850747733,-2.9705960750579834,0,0,ACTION_0,ACTION_0,2.12329722468757,9.899832100757067e-07,4.6624805918134074e-07,False,False,False,HEIR_REAL_HE_PILOT_CALIBRATION,ckks_reduced_f50_s40,126,-2.9705963134765625,1.2284017891772692e-06,2.384185791015625e-07
1,4.381688198493954,4.381686687469482,1,1,ACTION_1,ACTION_1,3.5343903381067507,1.5110244717675414e-06,4.275205416549844e-07,False,False,False,HEIR_REAL_HE_PILOT_CALIBRATION,ckks_reduced_f50_s40,111,4.381687164306641,1.0341873135644164e-06,4.76837158203125e-07
1,4.086248850490957,4.086248397827148,1,1,ACTION_1,ACTION_1,3.2389509901037536,4.526638086588264e-07,1.3975630074116254e-07,False,False,False,HEIR_REAL_HE_PILOT_CALIBRATION,ckks_reduced_f50_s40,559,4.086248397827148,4.526638086588264e-07,0.0
1,4.915741589117683,4.915740489959717,1,1,ACTION_1,ACTION_1,4.06844372873048,1.0991579664221263e-06,2.7016668773371687e-07,False,False,False,HEIR_REAL_HE_PILOT_CALIBRATION,ckks_reduced_f50_s40,281,4.915740966796875,6.223208082190013e-07,4.76837158203125e-07
1,5.720201028618742,5.7201995849609375,1,1,ACTION_1,ACTION_1,4.872903168231539,1.4436578048560023e-06,2.962623625004087e-07,False,False,False,HEIR_REAL_HE_PILOT_CALIBRATION,ckks_reduced_f50_s40,152,5.7201995849609375,1.4436578048560023e-06,0.0
1,6.838847380389783,6.838846683502197,1,1,ACTION_1,ACTION_1,5.99154952000258,6.968875858603951e-07,1.163117459905589e-07,False,False,False,HEIR_REAL_HE_PILOT_CALIBRATION,ckks_reduced_f50_s40,120,6.838846206665039,1.1737247440635201e-06,4.76837158203125e-07
1,6.895073792527683,6.895072937011719,1,1,ACTION_1,ACTION_1,6.047775932140479,8.555159638490295e-07,1.4145959993366324e-07,False,False,False,HEIR_REAL_HE_PILOT_CALIBRATION,ckks_reduced_f50_s40,442,6.895072937011719,8.555159638490295e-07,0.0
0,2.6064364007504217,2.6064350605010986,1,1,ACTION_1,ACTION_1,1.7591385403632183,1.340249323078524e-06,7.61878210457373e-07,False,False,False,HEIR_REAL_HE_PILOT_CALIBRATION,ckks_reduced_f50_s40,190,2.6064319610595703,4.4396908513988365e-06,3.0994415283203125e-06
0,-5.662890680384169,-5.662891387939453,0,0,ACTION_0,ACTION_0,4.815592819996966,7.075552836965926e-07,1.4693004789741306e-07,False,False,False,HEIR_REAL_HE_PILOT_CALIBRATION,ckks_reduced_f50_s40,509,-5.662891387939453,7.075552836965926e-07,0.0
1,6.124791303862647,6.124790191650391,1,1,ACTION_1,ACTION_1,5.277493443475444,1.1122122565154768e-06,2.1074630758480677e-07,False,False,False,HEIR_REAL_HE_PILOT_CALIBRATION,ckks_reduced_f50_s40,76,6.124790191650391,1.1122122565154768e-06,0.0
1,8.181410697080242,8.181410789489746,1,1,ACTION_1,ACTION_1,7.334112836693039,9.240950404887371e-08,1.2599956682769184e-08,False,False,False,HEIR_REAL_HE_PILOT_CALIBRATION,ckks_reduced_f50_s40,290,8.181411743164062,1.0460838204551237e-06,9.5367431640625e-07
1,1.1370365414498487,1.1370352506637573,1,1,ACTION_1,ACTION_1,0.2897386810626452,1.290786091345808e-06,4.455000922250776e-06,False,False,True,HEIR_REAL_HE_PILOT_CALIBRATION,ckks_reduced_f50_s40,508,1.1370372772216797,7.357718310174732e-07,2.0265579223632812e-06
0,0.5421966101057514,0.5421960353851318,1,1,REVIEW,REVIEW,0.3051012502814521,5.747206195394483e-07,1.8837045702345558e-06,False,False,True,HEIR_REAL_HE_PILOT_CALIBRATION,ckks_reduced_f50_s40,146,0.5421943664550781,2.243650673250386e-06,1.6689300537109375e-06
1,4.844376678166977,4.844375133514404,1,1,ACTION_1,ACTION_1,3.997078817779774,1.5446525729601035e-06,3.864453625705834e-07,False,False,False,HEIR_REAL_HE_PILOT_CALIBRATION,ckks_reduced_f50_s40,515,4.8443756103515625,1.0678154147569785e-06,4.76837158203125e-07
1,4.828414573920913,4.828413009643555,1,1,ACTION_1,ACTION_1,3.9811167135337096,1.564277358312438e-06,3.929242649417223e-07,False,False,False,HEIR_REAL_HE_PILOT_CALIBRATION,ckks_reduced_f50_s40,544,4.8284149169921875,3.430712745000619e-07,1.9073486328125e-06
0,-39.95566756709209,-39.955665588378906,0,0,ACTION_0,ACTION_0,39.10836970670489,1.9787131861903617e-06,5.059564489723854e-08,False,False,False,HEIR_REAL_HE_PILOT_CALIBRATION,ckks_reduced_f50_s40,212,-39.955657958984375,9.608107717440362e-06,7.62939453125e-06
0,-2.748492457584458,-2.748493194580078,0,0,ACTION_0,ACTION_0,1.9011945971972546,7.369956200875549e-07,3.8764870317538014e-07,False,False,False,HEIR_REAL_HE_PILOT_CALIBRATION,ckks_reduced_f50_s40,171,-2.748493194580078,7.369956200875549e-07,0.0
1,10.342035612655767,10.342033386230469,1,1,ACTION_1,ACTION_1,9.494737752268563,2.2264252983461574e-06,2.344904468598094e-07,False,False,False,HEIR_REAL_HE_PILOT_CALIBRATION,ckks_reduced_f50_s40,166,10.342033386230469,2.2264252983461574e-06,0.0
0,-15.921893766136574,-15.921895980834961,0,0,ACTION_0,ACTION_0,15.07459590574937,2.214698387348335e-06,1.4691593732895096e-07,False,False,False,HEIR_REAL_HE_PILOT_CALIBRATION,ckks_reduced_f50_s40,280,-15.921897888183594,4.122047020160835e-06,1.9073486328125e-06
1,6.812852322495189,6.812851428985596,1,1,ACTION_1,ACTION_1,5.965554462107986,8.935095934248238e-07,1.497781302811363e-07,False,False,False,HEIR_REAL_HE_PILOT_CALIBRATION,ckks_reduced_f50_s40,66,6.8128509521484375,1.3703467516279488e-06,4.76837158203125e-07
1,6.314599824154026,6.314599514007568,1,1,ACTION_1,ACTION_1,5.467301963766823,3.1014645784921413e-07,5.672751567494026e-08,False,False,False,HEIR_REAL_HE_PILOT_CALIBRATION,ckks_reduced_f50_s40,301,6.314598083496094,1.7406579324585891e-06,1.430511474609375e-06
1,3.0325436600223767,3.032543659210205,1,1,ACTION_1,ACTION_1,2.1852457996351733,8.121716632558673e-10,3.716614686510137e-10,False,False,False,HEIR_REAL_HE_PILOT_CALIBRATION,ckks_reduced_f50_s40,227,3.032543182373047,4.776493298663809e-07,4.76837158203125e-07
1,6.852079322309017,6.852078437805176,1,1,ACTION_1,ACTION_1,6.004781461921813,8.845038408367145e-07,1.47299921978115e-07,False,False,False,HEIR_REAL_HE_PILOT_CALIBRATION,ckks_reduced_f50_s40,305,6.852077484130859,1.8381781572429645e-06,9.5367431640625e-07
1,1.1522605747221029,1.1522607803344727,1,1,ACTION_1,ACTION_1,0.3049627143348994,2.0561236979688147e-07,6.742213396326383e-07,False,False,True,HEIR_REAL_HE_PILOT_CALIBRATION,ckks_reduced_f50_s40,49,1.1522579193115234,2.6554105794218685e-06,2.86102294921875e-06
1,4.950312248316049,4.950311660766602,1,1,ACTION_1,ACTION_1,4.103014387928845,5.875494473173148e-07,1.4319946063213858e-07,False,False,False,HEIR_REAL_HE_PILOT_CALIBRATION,ckks_reduced_f50_s40,155,4.950311660766602,5.875494473173148e-07,0.0
1,3.2547401547179184,3.2547380924224854,1,1,ACTION_1,ACTION_1,2.407442294330715,2.0622954330917764e-06,8.566333813891511e-07,False,False,False,HEIR_REAL_HE_PILOT_CALIBRATION,ckks_reduced_f50_s40,465,3.2547378540039062,2.300714012193339e-06,2.384185791015625e-07
1,6.783458090389772,6.783456802368164,1,1,ACTION_1,ACTION_1,5.936160230002568,1.288021607592782e-06,2.1697891527301726e-07,False,False,False,HEIR_REAL_HE_PILOT_CALIBRATION,ckks_reduced_f50_s40,407,6.783456802368164,1.288021607592782e-06,0.0
1,7.135469633182346,7.135468482971191,1,1,ACTION_1,ACTION_1,6.288171772795143,1.1502111547656568e-06,1.8291662446975088e-07,False,False,False,HEIR_REAL_HE_PILOT_CALIBRATION,ckks_reduced_f50_s40,137,7.135467529296875,2.103885471171907e-06,9.5367431640625e-07
0,-26.040160230352836,-26.0401611328125,0,0,ACTION_0,ACTION_0,25.19286236996563,9.024596643314453e-07,3.5822037650129726e-08,False,False,False,HEIR_REAL_HE_PILOT_CALIBRATION,ckks_reduced_f50_s40,236,-26.0401611328125,9.024596643314453e-07,0.0
1,8.769595055402682,8.769594192504883,1,1,ACTION_1,ACTION_1,7.922297195015479,8.628977994362685e-07,1.0892015007707403e-07,False,False,False,HEIR_REAL_HE_PILOT_CALIBRATION,ckks_reduced_f50_s40,474,8.769594192504883,8.628977994362685e-07,0.0
1,4.1047784704809835,4.104777812957764,1,1,ACTION_1,ACTION_1,3.25748061009378,6.575232198713366e-07,2.018502329173978e-07,False,False,False,HEIR_REAL_HE_PILOT_CALIBRATION,ckks_reduced_f50_s40,143,4.104778289794922,1.8068606166821155e-07,4.76837158203125e-07
0,-10.169408530996787,-10.169408798217773,0,0,ACTION_0,ACTION_0,9.322110670609582,2.6722098667164573e-07,2.866528794966257e-08,False,False,False,HEIR_REAL_HE_PILOT_CALIBRATION,ckks_reduced_f50_s40,118,-10.16940689086914,1.6401276461408543e-06,1.9073486328125e-06
1,5.653868087146023,5.653867244720459,1,1,ACTION_1,ACTION_1,4.8065702267588195,8.424255639738476e-07,1.7526542300036557e-07,False,False,False,HEIR_REAL_HE_PILOT_CALIBRATION,ckks_reduced_f50_s40,249,5.653867721557617,3.655884057707226e-07,4.76837158203125e-07
0,-4.4902364043650245,-4.490236759185791,0,0,ACTION_0,ACTION_0,3.642938543977821,3.548207665460268e-07,9.739960261821726e-08,False,False,False,HEIR_REAL_HE_PILOT_CALIBRATION,ckks_reduced_f50_s40,566,-4.490238189697266,1.7853322411554018e-06,1.430511474609375e-06
1,8.551947665141736,8.551946640014648,1,1,ACTION_1,ACTION_1,7.704649804754532,1.02512708721747e-06,1.3305304111094902e-07,False,False,False,HEIR_REAL_HE_PILOT_CALIBRATION,ckks_reduced_f50_s40,37,8.551944732666016,2.93247572002997e-06,1.9073486328125e-06
1,6.467557905672912,6.467556953430176,1,1,ACTION_1,ACTION_1,5.6202600452857086,9.522427362185226e-07,1.6943036951061842e-07,False,False,False,HEIR_REAL_HE_PILOT_CALIBRATION,ckks_reduced_f50_s40,342,6.467555999755859,1.9059170526247726e-06,9.5367431640625e-07
0,-9.153303774979445,-9.153305053710938,0,0,ACTION_0,ACTION_0,8.306005914592241,1.2787314922491078e-06,1.5395263444281853e-07,False,False,False,HEIR_REAL_HE_PILOT_CALIBRATION,ckks_reduced_f50_s40,370,-9.153301239013672,2.5359657733758922e-06,3.814697265625e-06
0,-0.7713139467044172,-0.7713150382041931,0,0,REVIEW,REVIEW,0.07598391368278634,1.0914997758959544e-06,1.4364879656669048e-05,False,False,True,HEIR_REAL_HE_PILOT_CALIBRATION,ckks_reduced_f50_s40,184,-0.7713165283203125,2.58161589528072e-06,1.4901161193847656e-06
0,-3.0873103719449624,-3.0873122215270996,0,0,ACTION_0,ACTION_0,2.240012511557759,1.849582137225525e-06,8.257016992906351e-07,False,False,False,HEIR_REAL_HE_PILOT_CALIBRATION,ckks_reduced_f50_s40,435,-3.087310791015625,4.1907066261615e-07,1.430511474609375e-06
1,5.647746729328464,5.6477460861206055,1,1,ACTION_1,ACTION_1,4.8004488689412605,6.43207858530559e-07,1.339891072878813e-07,False,False,False,HEIR_REAL_HE_PILOT_CALIBRATION,ckks_reduced_f50_s40,67,5.647748947143555,2.217815090688191e-06,2.86102294921875e-06
0,-11.466636846645581,-11.466638565063477,0,0,ACTION_0,ACTION_0,10.619338986258377,1.7184178950913065e-06,1.6181966667746188e-07,False,False,False,HEIR_REAL_HE_PILOT_CALIBRATION,ckks_reduced_f50_s40,259,-11.466636657714844,1.889307377211935e-07,1.9073486328125e-06
0,-0.49230568619243087,-0.49230727553367615,0,0,REVIEW,REVIEW,0.3549921741947727,1.5893412452783195e-06,4.4771162882207636e-06,False,False,True,HEIR_REAL_HE_PILOT_CALIBRATION,ckks_reduced_f50_s40,99,-0.4923057556152344,6.942280350585861e-08,1.519918441772461e-06
0,-19.756457846697632,-19.756460189819336,0,0,ACTION_0,ACTION_0,18.909159986310428,2.3431217037739316e-06,1.2391463742811792e-07,False,False,False,HEIR_REAL_HE_PILOT_CALIBRATION,ckks_reduced_f50_s40,563,-19.756458282470703,4.357730709614316e-07,1.9073486328125e-06
1,16.77564862949741,16.77564811706543,1,1,ACTION_1,ACTION_1,15.928350769110207,5.124319812921385e-07,3.21710633272778e-08,False,False,False,HEIR_REAL_HE_PILOT_CALIBRATION,ckks_reduced_f50_s40,71,16.77564811706543,5.124319812921385e-07,0.0
1,5.81785823659845,5.8178582191467285,1,1,ACTION_1,ACTION_1,4.970560376211247,1.7451721845418433e-08,3.5110169728429715e-09,False,False,False,HEIR_REAL_HE_PILOT_CALIBRATION,ckks_reduced_f50_s40,50,5.8178558349609375,2.4016375128610434e-06,2.384185791015625e-06
1,2.5385286742630733,2.5385265350341797,1,1,ACTION_1,ACTION_1,1.6912308138758698,2.1392288935828674e-06,1.2648947003752256e-06,False,False,False,HEIR_REAL_HE_PILOT_CALIBRATION,ckks_reduced_f50_s40,109,2.5385284423828125,2.3188026077036739e-07,1.9073486328125e-06
1,9.765415720050882,9.76541519165039,1,1,ACTION_1,ACTION_1,8.918117859663678,5.284004913619356e-07,5.9250225179448655e-08,False,False,False,HEIR_REAL_HE_PILOT_CALIBRATION,ckks_reduced_f50_s40,21,9.76541519165039,5.284004913619356e-07,0.0
0,-12.9461913077925,-12.946191787719727,0,0,ACTION_0,ACTION_0,12.098893447405295,4.799272268485311e-07,3.966703475279017e-08,False,False,False,HEIR_REAL_HE_PILOT_CALIBRATION,ckks_reduced_f50_s40,487,-12.94619369506836,2.387275859661031e-06,1.9073486328125e-06
0,-4.370195510106793,-4.370197296142578,0,0,ACTION_0,ACTION_0,3.5228976497195896,1.7860357850452147e-06,5.069791866327359e-07,False,False,False,HEIR_REAL_HE_PILOT_CALIBRATION,ckks_reduced_f50_s40,177,-4.3701934814453125,2.0286614805797853e-06,3.814697265625e-06
1,7.2607656696569585,7.2607645988464355,1,1,ACTION_1,ACTION_1,6.413467809269755,1.070810522918464e-06,1.6696279684615549e-07,False,False,False,HEIR_REAL_HE_PILOT_CALIBRATION,ckks_reduced_f50_s40,350,7.260766983032227,1.313375268097161e-06,2.384185791015625e-06
1,1.4951227863639147,1.4951215982437134,1,1,ACTION_1,ACTION_1,0.6478249259767113,1.1881202013341863e-06,1.8340143358066747e-06,False,False,True,HEIR_REAL_HE_PILOT_CALIBRATION,ckks_reduced_f50_s40,148,1.4951229095458984,1.2318198372440747e-07,1.3113021850585938e-06
1,3.162608512414735,3.162607192993164,1,1,ACTION_1,ACTION_1,2.3153106520275317,1.3194215711109791e-06,5.698680520281602e-07,False,False,False,HEIR_REAL_HE_PILOT_CALIBRATION,ckks_reduced_f50_s40,248,3.162607192993164,1.3194215711109791e-06,0.0
1,7.727230931878097,7.727230548858643,1,1,ACTION_1,ACTION_1,6.8799330714908935,3.830194543752441e-07,5.567197389788606e-08,False,False,False,HEIR_REAL_HE_PILOT_CALIBRATION,ckks_reduced_f50_s40,271,7.727231979370117,1.047492020234131e-06,1.430511474609375e-06
1,4.607143462655852,4.607142448425293,1,1,ACTION_1,ACTION_1,3.7598456022686486,1.014230559093221e-06,2.697532469102576e-07,False,False,False,HEIR_REAL_HE_PILOT_CALIBRATION,ckks_reduced_f50_s40,216,4.607141494750977,1.967904875499471e-06,9.5367431640625e-07
0,-3.1267715389221316,-3.126772165298462,0,0,ACTION_0,ACTION_0,2.279473678534928,6.26376330359335e-07,2.7478989393811384e-07,False,False,False,HEIR_REAL_HE_PILOT_CALIBRATION,ckks_reduced_f50_s40,7,-3.126771926879883,3.8795775125777254e-07,2.384185791015625e-07
1,7.816205905302137,7.816205024719238,1,1,ACTION_1,ACTION_1,6.968908044914934,8.805828990432474e-07,1.2635880590873777e-07,False,False,False,HEIR_REAL_HE_PILOT_CALIBRATION,ckks_reduced_f50_s40,306,7.816204071044922,1.8342572154494974e-06,9.5367431640625e-07
0,-6.958679837028161,-6.958680152893066,0,0,ACTION_0,ACTION_0,6.111381976640957,3.158649057866114e-07,5.1684693739307476e-08,False,False,False,HEIR_REAL_HE_PILOT_CALIBRATION,ckks_reduced_f50_s40,12,-6.95867919921875,6.378094106196386e-07,9.5367431640625e-07
1,2.3294430527874006,2.329442024230957,1,1,ACTION_1,ACTION_1,1.4821451924001972,1.0285564435719152e-06,6.939646998458114e-07,False,False,True,HEIR_REAL_HE_PILOT_CALIBRATION,ckks_reduced_f50_s40,471,2.3294429779052734,7.488212716566522e-08,9.5367431640625e-07
1,5.142125072169797,5.142125129699707,1,1,ACTION_1,ACTION_1,4.294827211782594,5.7529909724962636e-08,1.3395162805882592e-08,False,False,False,HEIR_REAL_HE_PILOT_CALIBRATION,ckks_reduced_f50_s40,422,5.142124176025391,8.961444066812874e-07,9.5367431640625e-07
0,-10.345578411714126,-10.345579147338867,0,0,ACTION_0,ACTION_0,9.498280551326921,7.356247415657435e-07,7.744820102865627e-08,False,False,False,HEIR_REAL_HE_PILOT_CALIBRATION,ckks_reduced_f50_s40,392,-10.345577239990234,1.1717238912467565e-06,1.9073486328125e-06
1,5.253821349240152,5.25382137298584,1,1,ACTION_1,ACTION_1,4.406523488852948,2.3745688082499328e-08,5.3887578592439345e-09,False,False,False,HEIR_REAL_HE_PILOT_CALIBRATION,ckks_reduced_f50_s40,494,5.253820419311523,9.299286283237507e-07,9.5367431640625e-07
1,7.0311308223686595,7.031129837036133,1,1,ACTION_1,ACTION_1,6.183832961981456,9.853325266817592e-07,1.5934009420041543e-07,False,False,False,HEIR_REAL_HE_PILOT_CALIBRATION,ckks_reduced_f50_s40,478,7.031131744384766,9.220161061307408e-07,1.9073486328125e-06
1,9.721509638123539,9.721508979797363,1,1,ACTION_1,ACTION_1,8.874211777736335,6.583261757953096e-07,7.418418585038972e-08,False,False,False,HEIR_REAL_HE_PILOT_CALIBRATION,ckks_reduced_f50_s40,336,9.72150993347168,2.953481406109404e-07,9.5367431640625e-07
1,4.276990648714026,4.276989936828613,1,1,ACTION_1,ACTION_1,3.4296927883268227,7.118854128407293e-07,2.0756535840868212e-07,False,False,False,HEIR_REAL_HE_PILOT_CALIBRATION,ckks_reduced_f50_s40,221,4.276988983154297,1.6655597292469793e-06,9.5367431640625e-07
1,8.531459722247948,8.531458854675293,1,1,ACTION_1,ACTION_1,7.684161861860745,8.675726554940866e-07,1.1290400580968514e-07,False,False,False,HEIR_REAL_HE_PILOT_CALIBRATION,ckks_reduced_f50_s40,561,8.531455993652344,3.7285956047128366e-06,2.86102294921875e-06
0,-25.17403904658229,-25.174039840698242,0,0,ACTION_0,ACTION_0,24.326741186195086,7.941159516633434e-07,3.264374564538827e-08,False,False,False,HEIR_REAL_HE_PILOT_CALIBRATION,ckks_reduced_f50_s40,339,-25.174041748046875,2.7014645844758434e-06,1.9073486328125e-06
1,4.83158185656956,4.83158016204834,1,1,ACTION_1,ACTION_1,3.9842839961823566,1.6945212202301718e-06,4.2530131432744767e-07,False,False,False,HEIR_REAL_HE_PILOT_CALIBRATION,ckks_reduced_f50_s40,506,4.831579208374023,2.648195536636422e-06,9.5367431640625e-07
0,-10.41500221904295,-10.415003776550293,0,0,ACTION_0,ACTION_0,9.567704358655746,1.5575073426532526e-06,1.627879880343712e-07,False,False,False,HEIR_REAL_HE_PILOT_CALIBRATION,ckks_reduced_f50_s40,451,-10.41500473022461,2.5111816590595026e-06,9.5367431640625e-07
1,9.856481934263464,9.856480598449707,1,1,ACTION_1,ACTION_1,9.00918407387626,1.3358137564978279e-06,1.4827244571140007e-07,False,False,False,HEIR_REAL_HE_PILOT_CALIBRATION,ckks_reduced_f50_s40,59,9.85647964477539,2.289488072904078e-06,9.5367431640625e-07
1,5.148056354851629,5.148055553436279,1,1,ACTION_1,ACTION_1,4.300758494464426,8.014153500823795e-07,1.863427930477598e-07,False,False,False,HEIR_REAL_HE_PILOT_CALIBRATION,ckks_reduced_f50_s40,55,5.1480560302734375,3.245781918792545e-07,4.76837158203125e-07
1,6.313041268611006,6.313039779663086,1,1,ACTION_1,ACTION_1,5.465743408223802,1.4889479196256161e-06,2.724145296292784e-07,False,False,False,HEIR_REAL_HE_PILOT_CALIBRATION,ckks_reduced_f50_s40,416,6.313039779663086,1.4889479196256161e-06,0.0
0,-10.583063297321733,-10.583065032958984,0,0,ACTION_0,ACTION_0,9.735765436934528,1.735637251698563e-06,1.7827434965863947e-07,False,False,False,HEIR_REAL_HE_PILOT_CALIBRATION,ckks_reduced_f50_s40,28,-10.583061218261719,2.079060013926437e-06,3.814697265625e-06
1,4.82412156550026,4.82412052154541,1,1,ACTION_1,ACTION_1,3.9768237051130564,1.0439548496776752e-06,2.6250971304949934e-07,False,False,False,HEIR_REAL_HE_PILOT_CALIBRATION,ckks_reduced_f50_s40,245,4.824121475219727,9.028053327142516e-08,9.5367431640625e-07
0,-4.846298488565321,-4.846298694610596,0,0,ACTION_0,ACTION_0,3.999000628178117,2.0604527506407067e-07,5.152419172235582e-08,False,False,False,HEIR_REAL_HE_PILOT_CALIBRATION,ckks_reduced_f50_s40,207,-4.8462982177734375,2.7079188313905433e-07,4.76837158203125e-07
1,8.246358812505601,8.246357917785645,1,1,ACTION_1,ACTION_1,7.399060952118398,8.947199567899133e-07,1.2092344725633722e-07,False,False,False,HEIR_REAL_HE_PILOT_CALIBRATION,ckks_reduced_f50_s40,349,8.246358871459961,5.895435961633666e-08,9.5367431640625e-07
1,0.7616962087415864,0.7616959810256958,1,1,REVIEW,REVIEW,0.08560165164561706,2.2771589058834252e-07,2.6601810386914648e-06,False,False,True,HEIR_REAL_HE_PILOT_CALIBRATION,ckks_reduced_f50_s40,491,0.7616958618164062,3.4692518013912377e-07,1.1920928955078125e-07
1,9.281828440114833,9.281827926635742,1,1,ACTION_1,ACTION_1,8.434530579727628,5.134790903582598e-07,6.087820602517055e-08,False,False,False,HEIR_REAL_HE_PILOT_CALIBRATION,ckks_reduced_f50_s40,113,9.281827926635742,5.134790903582598e-07,0.0
1,8.289261806012053,8.289259910583496,1,1,ACTION_1,ACTION_1,7.44196394562485,1.8954285572192475e-06,2.5469467079769647e-07,False,False,False,HEIR_REAL_HE_PILOT_CALIBRATION,ckks_reduced_f50_s40,341,8.289260864257812,9.417542408129975e-07,9.5367431640625e-07
1,7.234913838127294,7.234912395477295,1,1,ACTION_1,ACTION_1,6.387615977740091,1.4426499994613096e-06,2.2585108505093828e-07,False,False,False,HEIR_REAL_HE_PILOT_CALIBRATION,ckks_reduced_f50_s40,551,7.234912872314453,9.658128412581846e-07,4.76837158203125e-07
1,12.351824386832767,12.351822853088379,1,1,ACTION_1,ACTION_1,11.504526526445563,1.5337443883822743e-06,1.3331660237008814e-07,False,False,False,HEIR_REAL_HE_PILOT_CALIBRATION,ckks_reduced_f50_s40,345,12.351823806762695,5.800700719760243e-07,9.5367431640625e-07
1,6.868596459532657,6.868596076965332,1,1,ACTION_1,ACTION_1,6.021298599145454,3.825673253743389e-07,6.353568405138271e-08,False,False,False,HEIR_REAL_HE_PILOT_CALIBRATION,ckks_reduced_f50_s40,397,6.868595123291016,1.336241641780589e-06,9.5367431640625e-07
0,-3.190481883796341,-3.1904830932617188,0,0,ACTION_0,ACTION_0,2.3431840234091377,1.209465377627339e-06,5.161632059387583e-07,False,False,False,HEIR_REAL_HE_PILOT_CALIBRATION,ckks_reduced_f50_s40,193,-3.1904830932617188,1.209465377627339e-06,0.0
1,5.653319310676391,5.653317928314209,1,1,ACTION_1,ACTION_1,4.806021450289188,1.3823621820563403e-06,2.876312967710872e-07,False,False,False,HEIR_REAL_HE_PILOT_CALIBRATION,ckks_reduced_f50_s40,195,5.653318405151367,9.055250238532153e-07,4.76837158203125e-07
0,-13.136191480458063,-13.136192321777344,0,0,ACTION_0,ACTION_0,12.288893620070859,8.413192809086922e-07,6.846175961150855e-08,False,False,False,HEIR_REAL_HE_PILOT_CALIBRATION,ckks_reduced_f50_s40,42,-13.13619613647461,4.656016546533692e-06,3.814697265625e-06
0,-5.65116841750633,-5.651169776916504,0,0,ACTION_0,ACTION_0,4.803870557119127,1.3594101737623987e-06,2.8298226557079313e-07,False,False,False,HEIR_REAL_HE_PILOT_CALIBRATION,ckks_reduced_f50_s40,119,-5.651172637939453,4.220433122981149e-06,2.86102294921875e-06
1,3.0708800839719252,3.0708792209625244,1,1,ACTION_1,ACTION_1,2.223582223584722,8.630094008310607e-07,3.881167027139524e-07,False,False,False,HEIR_REAL_HE_PILOT_CALIBRATION,ckks_reduced_f50_s40,486,3.0708789825439453,1.1014279799326232e-06,2.384185791015625e-07
0,-9.961847321061388,-9.961847305297852,0,0,ACTION_0,ACTION_0,9.114549460674183,1.5763536254098653e-08,1.7294915477843772e-09,False,False,False,HEIR_REAL_HE_PILOT_CALIBRATION,ckks_reduced_f50_s40,562,-9.961849212646484,1.8915850965584013e-06,1.9073486328125e-06
1,2.0925575325683923,2.0925564765930176,1,1,ACTION_1,ACTION_1,1.2452596721811888,1.055975374697482e-06,8.479961234493704e-07,False,False,True,HEIR_REAL_HE_PILOT_CALIBRATION,ckks_reduced_f50_s40,513,2.0925540924072266,3.440161165713107e-06,2.384185791015625e-06
1,2.26995979327603,2.269958734512329,1,1,ACTION_1,ACTION_1,1.4226619328888264,1.0587637007120065e-06,7.442131375246008e-07,False,False,True,HEIR_REAL_HE_PILOT_CALIBRATION,ckks_reduced_f50_s40,90,2.26995849609375,1.297182279813569e-06,2.384185791015625e-07
0,-10.224512123084931,-10.224513053894043,0,0,ACTION_0,ACTION_0,9.377214262697727,9.308091115656225e-07,9.926286053506881e-08,False,False,False,HEIR_REAL_HE_PILOT_CALIBRATION,ckks_reduced_f50_s40,72,-10.224517822265625,5.6991806935968725e-06,4.76837158203125e-06
0,-6.16604769371968,-6.166049003601074,0,0,ACTION_0,ACTION_0,5.318749833332476,1.3098813944623089e-06,2.462761805891516e-07,False,False,False,HEIR_REAL_HE_PILOT_CALIBRATION,ckks_reduced_f50_s40,131,-6.166046142578125,1.5511415547564411e-06,2.86102294921875e-06
1,13.506903964131698,13.506902694702148,1,1,ACTION_1,ACTION_1,12.659606103744494,1.2694295499215968e-06,1.0027401638871855e-07,False,False,False,HEIR_REAL_HE_PILOT_CALIBRATION,ckks_reduced_f50_s40,314,13.506901741027832,2.223103866327847e-06,9.5367431640625e-07
1,8.713214748585624,8.713213920593262,1,1,ACTION_1,ACTION_1,7.865916888198421,8.279923626730579e-07,1.0526329917308572e-07,False,False,False,HEIR_REAL_HE_PILOT_CALIBRATION,ckks_reduced_f50_s40,327,8.713216781616211,2.033030586545692e-06,2.86102294921875e-06
0,-2.7100096813215764,-2.7100107669830322,0,0,ACTION_0,ACTION_0,1.862711820934373,1.0856614558463207e-06,5.828391937201168e-07,False,False,False,HEIR_REAL_HE_PILOT_CALIBRATION,ckks_reduced_f50_s40,283,-2.710012435913086,2.754591509557258e-06,1.6689300537109375e-06
0,-15.515048879196936,-15.515050888061523,0,0,ACTION_0,ACTION_0,14.667751018809732,2.008864587565995e-06,1.369579143380504e-07,False,False,False,HEIR_REAL_HE_PILOT_CALIBRATION,ckks_reduced_f50_s40,302,-15.51504898071289,1.0151595475349495e-07,1.9073486328125e-06
0,-3.4811399057619035,-3.481140613555908,0,0,ACTION_0,ACTION_0,2.6338420453747,7.077940047395259e-07,2.6873061958384543e-07,False,False,False,HEIR_REAL_HE_PILOT_CALIBRATION,ckks_reduced_f50_s40,444,-3.48114013671875,2.3095684653640092e-07,4.76837158203125e-07
1,2.6633661467985235,2.663365125656128,1,1,ACTION_1,ACTION_1,1.81606828641132,1.0211423955297505e-06,5.622819379482698e-07,False,False,False,HEIR_REAL_HE_PILOT_CALIBRATION,ckks_reduced_f50_s40,481,2.6633644104003906,1.736398132834438e-06,7.152557373046875e-07
1,5.943345567555742,5.943344593048096,1,1,ACTION_1,ACTION_1,5.096047707168538,9.745076461342705e-07,1.9122812464322978e-07,False,False,False,HEIR_REAL_HE_PILOT_CALIBRATION,ckks_reduced_f50_s40,411,5.9433441162109375,1.4513448043373955e-06,4.76837158203125e-07
1,2.5861730581676845,2.5861716270446777,1,1,ACTION_1,ACTION_1,1.738875197780481,1.4311230067676206e-06,8.230165158456003e-07,False,False,False,HEIR_REAL_HE_PILOT_CALIBRATION,ckks_reduced_f50_s40,462,2.5861740112304688,9.530627842480044e-07,2.384185791015625e-06
